Workbook

Sheet nga_admpop_adm0_2020
A1: ADM0_NAME | B1: ADM0_PCODE | C1: F_TL | D1: M_TL | E1: T_TL | F1: F_00_04 | G1: F_05_09 | H1: F_10_14 | I1: F_15_19 | J1: F_20_24 | K1: F_25_29 | L1: F_30_34 | M1: F_35_39 | N1: F_40_44 | O1: F_45_49 | P1: F_50_54 | Q1: F_55_59 | R1: F_60_64 | S1: F_65_69 | T1: F_70_74 | U1: F_75_79 | V1: F_80Plus | W1: M_00_04 | X1: M_05_09 | Y1: M_10_14 | Z1: M_15_19 | AA1: M_20_24 | AB1: M_25_29 | AC1: M_30_34 | AD1: M_35_39 | AE1: M_40_44 | AF1: M_45_49 | AG1: M_50_54 | AH1: M_55_59 | AI1: M_60_64 | AJ1: M_65_69 | AK1: M_70_74 | AL1: M_75_79 | AM1: M_80Plus | AN1: T_00_04 | AO1: T_05_09 | AP1: T_10_14 | AQ1: T_15_19 | AR1: T_20_24 | AS1: T_25_29 | AT1: T_30_34 | AU1: T_35_39 | AV1: T_40_44 | AW1: T_45_49 | AX1: T_50_54 | AY1: T_55_59 | AZ1: T_60_64 | BA1: T_65_69 | BB1: T_70_74 | BC1: T_75_79 | BD1: T_80Plus
A2: NIGERIA | B2: NG | C2: 100473260 | D2: 104435960 | E2: 204909220 | F2: 15713253 | G2: 13740497 | H2: 12305947 | I2: 10974474 | J2: 9109497 | K2: 7696113 | L2: 6543803 | M2: 5577463 | N2: 4629290 | O2: 3617274 | P2: 2903755 | Q2: 2363122 | R2: 1848775 | S2: 1415387 | T2: 1008663 | U2: 609086 | V2: 416861 | W2: 16494093 | X2: 14394113 | Y2: 12886243 | Z2: 11481793 | AA2: 9479149 | AB2: 7999304 | AC2: 6847228 | AD2: 5885417 | AE2: 4915691 | AF2: 3897001 | AG2: 3038057 | AH2: 2334506 | AI2: 1737882 | AJ2: 1276610 | AK2: 899216 | AL2: 533838 | AM2: 335819 | AN2: 32207346 | AO2: 28134610 | AP2: 25192190 | AQ2: 22456267 | AR2: 18588646 | AS2: 15695417 | AT2: 13391031 | AU2: 11462880 | AV2: 9544981 | AW2: 7514275 | AX2: 5941812 | AY2: 4697628 | AZ2: 3586657 | BA2: 2691997 | BB2: 1907879 | BC2: 1142924 | BD2: 752680

Sheet Age groupings population
A1: STATES | B1: LOCAL GOVERNMENTS | C1: SenDist_en | D1: FEMALE_TL | E1: MALE_TL | F1: FEMALES 00_04 | G1: FEMALES_05_09 | H1: FEMALES_10_14 | I1: FEMALES_15_19 | J1: FEMALES_20_24 | K1: FEMALES_25_29 | L1: FEMALES_30_34 | M1: FEMALES_35_39 | N1: FEMALES_40_44 | O1: FEMALES_45_49 | P1: FEMALES_50_54 | Q1: FEMALES_55_59 | R1: FEMALES_60_64 | S1: FEMALES_65_69 | T1: FEMALES_70_74 | U1: FEMALES_75_79 | V1: FEMALES_80Plus | W1: MALES_00_04 | X1: MALES_05_09 | Y1: MALES_10_14 | Z1: MALES_15_19 | AA1: MALES_20_24 | AB1: MALES_25_29 | AC1: MALES_30_34 | AD1: MALES_35_39 | AE1: MALES_40_44 | AF1: MALES_45_49 | AG1: MALES_50_54 | AH1: MALES_55_59 | AI1: MALES_60_64 | AJ1: MALES_65_69 | AK1: MALES_70_74 | AL1: MALES 75_79 | AM1: MALES 80+ | AN1: LGA TOTALS
A2: LAGOS | B2: ALIMOSHO | C2: Lagos West | D2: 1713518 | E2: 1786291 | F2: 244714 | G2: 199526 | H2: 192694 | I2: 168179 | J2: 166374 | K2: 163619 | L2: 143016 | M2: 123750 | N2: 87222 | O2: 71082 | P2: 45092 | Q2: 44444 | R2: 21474 | S2: 19540 | T2: 9955 | U2: 7683 | V2: 5154 | W2: 242599 | X2: 196590 | Y2: 175867 | Z2: 166058 | AA2: 186837 | AB2: 181380 | AC2: 160248 | AD2: 148728 | AE2: 99964 | AF2: 81320 | AG2: 46701 | AH2: 49143 | AI2: 20451 | AJ2: 18227 | AK2: 5992 | AL2: 3978 | AM2: 2208 | AN2: =SUM(F2:AM2) -> 3499809
A3: FEDERAL CAPITAL TERRITORY | B3: ABUJA MUNICIPAL | C3: Federal Capital Territory | D3: 1347926 | E3: 1621481 | F3: 210332 | G3: 166258 | H3: 156402 | I3: 132046 | J3: 152654 | K3: 153027 | L3: 117544 | M3: 90746 | N3: 57563 | O3: 41789 | P3: 22792 | Q3: 19323 | R3: 9214 | S3: 8298 | T3: 4626 | U3: 3203 | V3: 2109 | W3: 210578 | X3: 157768 | Y3: 128930 | Z3: 115425 | AA3: 166438 | AB3: 220682 | AC3: 184390 | AD3: 153862 | AE3: 97593 | AF3: 81493 | AG3: 40885 | AH3: 35840 | AI3: 11432 | AJ3: 9051 | AK3: 3215 | AL3: 2392 | AM3: 1507 | AN3: =SUM(F3:AM3) -> 2969407
A4: LAGOS | B4: AJEROMI-IFELODUN | C4: Lagos West | D4: 690331 | E4: 741424 | F4: 86985 | G4: 75709 | H4: 80676 | I4: 78762 | J4: 77442 | K4: 64364 | L4: 50366 | M4: 43729 | N4: 34621 | O4: 30277 | P4: 20656 | Q4: 18541 | R4: 10698 | S4: 8267 | T4: 4333 | U4: 2932 | V4: 1973 | W4: 90218 | X4: 75292 | Y4: 74126 | Z4: 77147 | AA4: 87966 | AB4: 80268 | AC4: 63495 | AD4: 52011 | AE4: 35451 | AF4: 34140 | AG4: 22258 | AH4: 22506 | AI4: 10187 | AJ4: 9006 | AK4: 3783 | AL4: 2435 | AM4: 1135 | AN4: =SUM(F4:AM4) -> 1431755
A5: LAGOS | B5: IKORODU | C5: Lagos East | D5: 637191 | E5: 673852 | F5: 94697 | G5: 76276 | H5: 71691 | I5: 61607 | J5: 60816 | K5: 58669 | L5: 52911 | M5: 46054 | N5: 31962 | O5: 24319 | P5: 15069 | Q5: 14612 | R5: 9136 | S5: 8780 | T5: 4885 | U5: 3485 | V5: 2222 | W5: 95755 | X5: 74575 | Y5: 66500 | Z5: 62369 | AA5: 71610 | AB5: 68579 | AC5: 59822 | AD5: 56368 | AE5: 37814 | AF5: 29840 | AG5: 16558 | AH5: 15488 | AI5: 6744 | AJ5: 6569 | AK5: 2416 | AL5: 1934 | AM5: 911 | AN5: =SUM(F5:AM5) -> 1311043
A6: OGUN | B6: IFO | C6: Ogun Central | D6: 642834 | E6: 651792 | F6: 95462 | G6: 79643 | H6: 74439 | I6: 60652 | J6: 58429 | K6: 56310 | L6: 49695 | M6: 45967 | N6: 33120 | O6: 26275 | P6: 17046 | Q6: 16176 | R6: 9067 | S6: 8907 | T6: 5262 | U6: 4010 | V6: 2374 | W6: 95428 | X6: 78393 | Y6: 68470 | Z6: 60821 | AA6: 62101 | AB6: 58819 | AC6: 53125 | AD6: 50886 | AE6: 36169 | AF6: 30941 | AG6: 18347 | AH6: 18192 | AI6: 8041 | AJ6: 6695 | AK6: 2694 | AL6: 1795 | AM6: 875 | AN6: =SUM(F6:AM6) -> 1294626
A7: LAGOS | B7: SURULERE | C7: Lagos Central | D7: 500187 | E7: 547580 | F7: 55710 | G7: 47701 | H7: 53650 | I7: 54646 | J7: 54701 | K7: 50433 | L7: 40950 | M7: 35548 | N7: 25667 | O7: 21772 | P7: 14487 | Q7: 15912 | R7: 9056 | S7: 9215 | T7: 4991 | U7: 3848 | V7: 1900 | W7: 56984 | X7: 46766 | Y7: 45399 | Z7: 51136 | AA7: 69834 | AB7: 69047 | AC7: 56835 | AD7: 46226 | AE7: 30689 | AF7: 25145 | AG7: 14661 | AH7: 14517 | AI7: 6670 | AJ7: 7019 | AK7: 3161 | AL7: 2513 | AM7: 978 | AN7: =SUM(F7:AM7) -> 1047767
A8: KANO | B8: NASSARAWA | C8: Kano Central | D8: 467494 | E8: 565158 | F8: 90480 | G8: 72114 | H8: 62452 | I8: 48217 | J8: 41026 | K8: 35580 | L8: 28051 | M8: 22510 | N8: 19499 | O8: 12169 | P8: 10890 | Q8: 7367 | R8: 5979 | S8: 3695 | T8: 3676 | U8: 1790 | V8: 1999 | W8: 96121 | X8: 77751 | Y8: 76169 | Z8: 65530 | AA8: 50627 | AB8: 43578 | AC8: 35889 | AD8: 30486 | AE8: 24169 | AF8: 18639 | AG8: 14078 | AH8: 12616 | AI8: 7114 | AJ8: 5568 | AK8: 3403 | AL8: 2078 | AM8: 1342 | AN8: =SUM(F8:AM8) -> 1032652
A9: OGUN | B9: ADO-ODO/OTA | C9: Ogun West | D9: 517361 | E9: 513468 | F9: 74785 | G9: 65163 | H9: 61859 | I9: 48116 | J9: 44600 | K9: 42136 | L9: 37354 | M9: 36448 | N9: 27140 | O9: 21657 | P9: 14851 | Q9: 13680 | R9: 9052 | S9: 9103 | T9: 5102 | U9: 3895 | V9: 2420 | W9: 73934 | X9: 64167 | Y9: 59120 | Z9: 49264 | AA9: 47045 | AB9: 43406 | AC9: 38224 | AD9: 37816 | AE9: 28755 | AF9: 24593 | AG9: 14968 | AH9: 13311 | AI9: 6847 | AJ9: 6265 | AK9: 2845 | AL9: 1922 | AM9: 986 | AN9: =SUM(F9:AM9) -> 1030829
A10: FEDERAL CAPITAL TERRITORY | B10: BWARI | C10: Federal Capital Territory | D10: 430569 | E10: 450374 | F10: 72312 | G10: 56958 | H10: 56108 | I10: 43224 | J10: 42073 | K10: 45752 | L10: 36036 | M10: 27221 | N10: 16202 | O10: 10866 | P10: 6656 | Q10: 5670 | R10: 3488 | S10: 3137 | T10: 2352 | U10: 1419 | V10: 1095 | W10: 72287 | X10: 53233 | Y10: 42984 | Z10: 34763 | AA10: 39225 | AB10: 48133 | AC10: 43947 | AD10: 40944 | AE10: 27341 | AF10: 21150 | AG10: 9786 | AH10: 7830 | AI10: 3073 | AJ10: 2728 | AK10: 1275 | AL10: 866 | AM10: 809 | AN10: =SUM(F10:AM10) -> 880943
A11: LAGOS | B11: KOSOFE | C11: Lagos East | D11: 392382 | E11: 445978 | F11: 48979 | G11: 40352 | H11: 41234 | I11: 40821 | J11: 42699 | K11: 40266 | L11: 34043 | M11: 28705 | N11: 20309 | O11: 16436 | P11: 10834 | Q11: 11326 | R11: 5699 | S11: 5225 | T11: 2580 | U11: 1841 | V11: 1033 | W11: 50662 | X11: 39193 | Y11: 36143 | Z11: 39280 | AA11: 55267 | AB11: 56924 | AC11: 48080 | AD11: 40319 | AE11: 26389 | AF11: 19497 | AG11: 11167 | AH11: 10433 | AI11: 4665 | AJ11: 4438 | AK11: 1762 | AL11: 1222 | AM11: 537 | AN11: =SUM(F11:AM11) -> 838360
A12: BAYELSA | B12: Yenegoa | C12: Bayelsa Central | D12: 374195 | E12: 402784 | F12: 44987 | G12: 47010 | H12: 46393 | I12: 44302 | J12: 35428 | K12: 30667 | L12: 26523 | M12: 24529 | N12: 18505 | O12: 15895 | P12: 10889 | Q12: 10118 | R12: 6904 | S12: 5863 | T12: 2816 | U12: 2172 | V12: 1194 | W12: 47508 | X12: 50578 | Y12: 49029 | Z12: 48549 | AA12: 41186 | AB12: 33551 | AC12: 28178 | AD12: 24425 | AE12: 20819 | AF12: 17110 | AG12: 12957 | AH12: 9740 | AI12: 7496 | AJ12: 5003 | AK12: 3415 | AL12: 2031 | AM12: 1209 | AN12: =SUM(F12:AM12) -> 776979
A13: LAGOS | B13: OSHODI-ISOLO | C13: Lagos West | D13: 365559 | E13: 401347 | F13: 45952 | G13: 37747 | H13: 40344 | I13: 39082 | J13: 40647 | K13: 37768 | L13: 29875 | M13: 25218 | N13: 17577 | O13: 15332 | P13: 10168 | Q13: 10342 | R13: 5277 | S13: 4858 | T13: 2455 | U13: 1845 | V13: 1072 | W13: 45757 | X13: 36349 | Y13: 34367 | Z13: 37218 | AA13: 49730 | AB13: 48896 | AC13: 40752 | AD13: 34567 | AE13: 22298 | AF13: 18122 | AG13: 10496 | AH13: 10619 | AI13: 4444 | AJ13: 4349 | AK13: 1681 | AL13: 1127 | AM13: 575 | AN13: =SUM(F13:AM13) -> 766906
... A774: KOGI | B774: OGORI/MAGONGO | C774: Kogi Central | D774: 17881 | E774: 18153 | F774: 3159 | G774: 2508 | H774: 2181 | I774: 1916 | J774: 1570 | K774: 1337 | L774: 1126 | M774: 943 | N774: 776 | O774: 554 | P774: 422 | Q774: 480 | R774: 340 | S774: 295 | T774: 106 | U774: 122 | V774: 46 | W774: 3302 | X774: 2657 | Y774: 2231 | Z774: 2025 | AA774: 1560 | AB774: 1326 | AC774: 1090 | AD774: 966 | AE774: 811 | AF774: 576 | AG774: 478 | AH774: 351 | AI774: 274 | AJ774: 233 | AK774: 126 | AL774: 90 | AM774: 57 | AN774: =SUM(F774:AM774) -> 36034

Sheet nga_admpop_SenDist_2020
A1: STATES | B1: Local Govt | C1: SenDist_en | D1: Female_TotaL | E1: Male_TotaL | F1: LGA Totals | G1: F_00_04 | H1: F_05_09 | I1: F_10_14 | J1: F_15_19 | K1: F_20_24 | L1: F_25_29 | M1: F_30_34 | N1: F_35_39 | O1: F_40_44 | P1: F_45_49 | Q1: F_50_54 | R1: F_55_59 | S1: F_60_64 | T1: F_65_69 | U1: F_70_74 | V1: F_75_79 | W1: F_80Plus | X1: M_00_04 | Y1: M_05_09 | Z1: M_10_14 | AA1: M_15_19 | AB1: M_20_24 | AC1: M_25_29 | AD1: M_30_34 | AE1: M_35_39 | AF1: M_40_44 | AG1: M_45_49 | AH1: M_50_54 | AI1: M_55_59 | AJ1: M_60_64 | AK1: M_65_69 | AL1: M_70_74 | AM1: M_75_79 | AN1: M_80Plus | AO1: T_00_04 | AP1: T_05_09 | AQ1: T_10_14 | AR1: T_15_19 | AS1: T_20_24 | AT1: T_25_29 | AU1: T_30_34 | AV1: T_35_39 | AW1: T_40_44 | AX1: T_45_49 | AY1: T_50_54 | AZ1: T_55_59 | BA1: T_60_64 | BB1: T_65_69 | BC1: T_70_74 | BD1: T_75_79 | BE1: T_80Plus
A2: LAGOS | B2: AGEGE | C2: Lagos West | D2: 4334372 | E2: 4653938 | F2: 8988310 | G2: 579722 | H2: 482096 | I2: 485423 | J2: 447045 | K2: 452695 | L2: 419923 | M2: 347996 | N2: 301064 | O2: 216546 | P2: 182350 | Q2: 120773 | R2: 118972 | S2: 62026 | T2: 55053 | U2: 28515 | V2: 21190 | W2: 12983 | X2: 581891 | Y2: 472032 | Z2: 435394 | AA2: 437684 | AB2: 534853 | AC2: 517162 | AD2: 432653 | AE2: 378920 | AF2: 252462 | AG2: 211467 | AH2: 124789 | AI2: 129784 | AJ2: 55708 | AK2: 51420 | AL2: 18849 | AM2: 12740 | AN2: 6130 | AO2: 1161613 | AP2: 954128 | AQ2: 920817 | AR2: 884729 | AS2: 987548 | AT2: 937085 | AU2: 780649 | AV2: 679984 | AW2: 469008 | AX2: 393817 | AY2: 245562 | AZ2: 248756 | BA2: 117734 | BB2: 106473 | BC2: 47364 | BD2: 33930 | BE2: 19113
A3: KANO | B3: DALA | C3: Kano Central | D3: 2725818 | E3: 3346731 | F3: 6072549 | G3: 531571 | H3: 418644 | I3: 340619 | J3: 291800 | K3: 242566 | L3: 202141 | M3: 164638 | N3: 126887 | O3: 113418 | P3: 70452 | Q3: 67622 | R3: 42445 | S3: 39734 | T3: 22779 | U3: 26699 | V3: 10916 | W3: 12887 | X3: 569178 | Y3: 478228 | Z3: 462218 | AA3: 411254 | AB3: 298879 | AC3: 244991 | AD3: 206592 | AE3: 169258 | AF3: 140761 | AG3: 99546 | AH3: 81712 | AI3: 62256 | AJ3: 45517 | AK3: 29167 | AL3: 24683 | AM3: 12507 | AN3: 9984 | AO3: 1100749 | AP3: 896872 | AQ3: 802837 | AR3: 703054 | AS3: 541445 | AT3: 447132 | AU3: 371230 | AV3: 296145 | AW3: 254179 | AX3: 169998 | AY3: 149334 | AZ3: 104701 | BA3: 85251 | BB3: 51946 | BC3: 51382 | BD3: 23423 | BE3: 22871
A4: FEDERAL CAPITAL TERRITORY | B4: ABAJI | C4: Federal Capital Territory | D4: 2262531 | E4: 2572216 | F4: 4834747 | G4: 368062 | H4: 295804 | I4: 274169 | J4: 226094 | K4: 240570 | L4: 239062 | M4: 186691 | N4: 144517 | O4: 92826 | P4: 66230 | Q4: 38666 | R4: 33081 | S4: 18099 | T4: 16523 | U4: 10377 | V4: 6774 | W4: 4986 | X4: 366734 | Y4: 281057 | Z4: 232913 | AA4: 202152 | AB4: 248382 | AC4: 310563 | AD4: 263226 | AE4: 228757 | AF4: 148467 | AG4: 121262 | AH4: 62545 | AI4: 53076 | AJ4: 20135 | AK4: 16802 | AL4: 7187 | AM4: 5307 | AN4: 3651 | AO4: 734796 | AP4: 576861 | AQ4: 507082 | AR4: 428246 | AS4: 488952 | AT4: 549625 | AU4: 449917 | AV4: 373274 | AW4: 241293 | AX4: 187492 | AY4: 101211 | AZ4: 86157 | BA4: 38234 | BB4: 33325 | BC4: 17564 | BD4: 12081 | BE4: 8637
A5: KANO | B5: AJINGI | C5: Kano South | D5: 1991198 | E5: 2067531 | F5: 4058729 | G5: 387753 | H5: 322980 | I5: 227962 | J5: 200544 | K5: 177021 | L5: 146098 | M5: 130085 | N5: 90671 | O5: 87532 | P5: 50683 | Q5: 54767 | R5: 27118 | S5: 33549 | T5: 15389 | U5: 21368 | V5: 8085 | W5: 9593 | X5: 412439 | Y5: 340191 | Z5: 261361 | AA5: 214987 | AB5: 146611 | AC5: 127716 | AD5: 126706 | AE5: 100822 | AF5: 94047 | AG5: 58111 | AH5: 61392 | AI5: 31265 | AJ5: 36137 | AK5: 16043 | AL5: 22391 | AM5: 8246 | AN5: 9066 | AO5: 800192 | AP5: 663171 | AQ5: 489323 | AR5: 415531 | AS5: 323632 | AT5: 273814 | AU5: 256791 | AV5: 191493 | AW5: 181579 | AX5: 108794 | AY5: 116159 | AZ5: 58383 | BA5: 69686 | BB5: 31432 | BC5: 43759 | BD5: 16331 | BE5: 18659
A6: KANO | B6: BAGWAI | C6: Kano North | D6: 1707593 | E6: 1773259 | F6: 3480852 | G6: 337082 | H6: 269591 | I6: 198305 | J6: 173165 | K6: 145784 | L6: 123230 | M6: 108558 | N6: 79674 | O6: 74975 | P6: 45175 | Q6: 48347 | R6: 25108 | S6: 29568 | T6: 13848 | U6: 19406 | V6: 7538 | W6: 8239 | X6: 361310 | Y6: 289537 | Z6: 226417 | AA6: 185655 | AB6: 127262 | AC6: 108696 | AD6: 103576 | AE6: 84962 | AF6: 78255 | AG6: 51294 | AH6: 51932 | AI6: 26719 | AJ6: 30818 | AK6: 13574 | AL6: 18906 | AM6: 6791 | AN6: 7555 | AO6: 698392 | AP6: 559128 | AQ6: 424722 | AR6: 358820 | AS6: 273046 | AT6: 231926 | AU6: 212134 | AV6: 164636 | AW6: 153230 | AX6: 96469 | AY6: 100279 | AZ6: 51827 | BA6: 60386 | BB6: 27422 | BC6: 38312 | BD6: 14329 | BE6: 15794
A7: LAGOS | B7: EPE | C7: Lagos East | D7: 1641471 | E7: 1769815 | F7: 3411286 | G7: 217261 | H7: 184869 | I7: 184282 | J7: 168468 | K7: 164553 | L7: 152868 | M7: 131180 | N7: 115186 | O7: 83410 | P7: 68320 | Q7: 45950 | R7: 44942 | S7: 26090 | T7: 24529 | U7: 13565 | V7: 10049 | W7: 5949 | X7: 221755 | Y7: 183511 | Z7: 172987 | AA7: 171940 | AB7: 200414 | AC7: 191599 | AD7: 160579 | AE7: 141547 | AF7: 97953 | AG7: 77331 | AH7: 46783 | AI7: 42841 | AJ7: 21703 | AK7: 20107 | AL7: 9044 | AM7: 6694 | AN7: 3027 | AO7: 439016 | AP7: 368380 | AQ7: 357269 | AR7: 340408 | AS7: 364967 | AT7: 344467 | AU7: 291759 | AV7: 256733 | AW7: 181363 | AX7: 145651 | AY7: 92733 | AZ7: 87783 | BA7: 47793 | BB7: 44636 | BC7: 22609 | BD7: 16743 | BE7: 8976
A8: KADUNA | B8: JABA | C8: Kaduna South | D8: 1647823 | E8: 1684950 | F8: 3332773 | G8: 316448 | H8: 242337 | I8: 200951 | J8: 176560 | K8: 140498 | L8: 120827 | M8: 99100 | N8: 81212 | O8: 66365 | P8: 50063 | Q8: 38502 | R8: 36002 | S8: 24401 | T8: 21909 | U8: 15036 | V8: 10990 | W8: 6622 | X8: 329464 | Y8: 254826 | Z8: 212334 | AA8: 181775 | AB8: 134916 | AC8: 114893 | AD8: 102249 | AE8: 88239 | AF8: 70384 | AG8: 55155 | AH8: 40733 | AI8: 32938 | AJ8: 21421 | AK8: 18169 | AL8: 11804 | AM8: 9014 | AN8: 6636 | AO8: 645912 | AP8: 497163 | AQ8: 413285 | AR8: 358335 | AS8: 275414 | AT8: 235720 | AU8: 201349 | AV8: 169451 | AW8: 136749 | AX8: 105218 | AY8: 79235 | AZ8: 68940 | BA8: 45822 | BB8: 40078 | BC8: 26840 | BD8: 20004 | BE8: 13258
A9: OYO | B9: Atigbo | C9: Oyo North | D9: 1624418 | E9: 1689891 | F9: 3314309 | G9: 195475 | H9: 209362 | I9: 209644 | J9: 181590 | K9: 139963 | L9: 121042 | M9: 107780 | N9: 107465 | O9: 83131 | P9: 75945 | Q9: 50509 | R9: 50880 | S9: 30117 | T9: 29735 | U9: 14851 | V9: 10972 | W9: 5957 | X9: 204860 | Y9: 223989 | Z9: 226186 | AA9: 205895 | AB9: 168692 | AC9: 124578 | AD9: 101360 | AE9: 93544 | AF9: 85780 | AG9: 72084 | AH9: 56443 | AI9: 40237 | AJ9: 31047 | AK9: 24856 | AL9: 14833 | AM9: 9936 | AN9: 5571 | AO9: 400335 | AP9: 433351 | AQ9: 435830 | AR9: 387485 | AS9: 308655 | AT9: 245620 | AU9: 209140 | AV9: 201009 | AW9: 168911 | AX9: 148029 | AY9: 106952 | AZ9: 91117 | BA9: 61164 | BB9: 54591 | BC9: 29684 | BD9: 20908 | BE9: 11528
A10: RIVERS | B10: ABUA/ODUAL | C10: Rivers West | D10: 1582871 | E10: 1693254 | F10: 3276125 | G10: 183457 | H10: 195055 | I10: 200314 | J10: 184051 | K10: 139642 | L10: 119583 | M10: 106934 | N10: 103338 | O10: 82251 | P10: 73434 | Q10: 52340 | R10: 48500 | S10: 32556 | T10: 27762 | U10: 15732 | V10: 11637 | W10: 6285 | X10: 195266 | Y10: 211159 | Z10: 217097 | AA10: 207988 | AB10: 169491 | AC10: 130398 | AD10: 110499 | AE10: 95852 | AF10: 87600 | AG10: 73564 | AH10: 57817 | AI10: 43811 | AJ10: 35180 | AK10: 25218 | AL10: 16416 | AM10: 9832 | AN10: 6066 | AO10: 378723 | AP10: 406214 | AQ10: 417411 | AR10: 392039 | AS10: 309133 | AT10: 249981 | AU10: 217433 | AV10: 199190 | AW10: 169851 | AX10: 146998 | AY10: 110157 | AZ10: 92311 | BA10: 67736 | BB10: 52980 | BC10: 32148 | BD10: 21469 | BE10: 12351
A11: OYO | B11: AFIJIO | C11: Oyo Central | D11: 1588367 | E11: 1569248 | F11: 3157615 | G11: 196923 | H11: 198021 | I11: 200901 | J11: 166710 | K11: 131614 | L11: 119710 | M11: 105760 | N11: 99403 | O11: 80769 | P11: 72556 | Q11: 54254 | R11: 52772 | S11: 36407 | T11: 32443 | U11: 19208 | V11: 12704 | W11: 8212 | X11: 203793 | Y11: 201737 | Z11: 199439 | AA11: 177728 | AB11: 145933 | AC11: 119552 | AD11: 102112 | AE11: 92220 | AF11: 79061 | AG11: 67625 | AH11: 50732 | AI11: 43831 | AJ11: 30128 | AK11: 26289 | AL11: 14846 | AM11: 8998 | AN11: 5224 | AO11: 400716 | AP11: 399758 | AQ11: 400340 | AR11: 344438 | AS11: 277547 | AT11: 239262 | AU11: 207872 | AV11: 191623 | AW11: 159830 | AX11: 140181 | AY11: 104986 | AZ11: 96603 | BA11: 66535 | BB11: 58732 | BC11: 34054 | BD11: 21702 | BE11: 13436
A12: KATSINA | B12: BAURE | C12: Katsina North | D12: 1389506 | E12: 1435175 | F12: 2824681 | G12: 279062 | H12: 213008 | I12: 165435 | J12: 142000 | K12: 117831 | L12: 101715 | M12: 86514 | N12: 66956 | O12: 57793 | P12: 39702 | Q12: 36215 | R12: 22767 | S12: 23366 | T12: 12549 | U12: 12989 | V12: 6594 | W12: 5010 | X12: 300420 | Y12: 229160 | Z12: 178458 | AA12: 145141 | AB12: 105280 | AC12: 90829 | AD12: 86051 | AE12: 72362 | AF12: 62454 | AG12: 44694 | AH12: 39273 | AI12: 22628 | AJ12: 22709 | AK12: 11391 | AL12: 13055 | AM12: 6324 | AN12: 4946 | AO12: 579482 | AP12: 442168 | AQ12: 343893 | AR12: 287141 | AS12: 223111 | AT12: 192544 | AU12: 172565 | AV12: 139318 | AW12: 120247 | AX12: 84396 | AY12: 75488 | AZ12: 45395 | BA12: 46075 | BB12: 23940 | BC12: 26044 | BD12: 12918 | BE12: 9956
A13: KADUNA | B13: IKARA | C13: Kaduna North | D13: 1340543 | E13: 1383402 | F13: 2723945 | G13: 260449 | H13: 208547 | I13: 162668 | J13: 144893 | K13: 120662 | L13: 97771 | M13: 80946 | N13: 62109 | O13: 53809 | P13: 36574 | Q13: 33745 | R13: 22137 | S13: 19523 | T13: 12386 | U13: 12555 | V13: 6055 | W13: 5714 | X13: 267061 | Y13: 213830 | Z13: 176289 | AA13: 147931 | AB13: 112621 | AC13: 96970 | AD13: 83651 | AE13: 69930 | AF13: 57491 | AG13: 42128 | AH13: 34793 | AI13: 25924 | AJ13: 19562 | AK13: 12989 | AL13: 11346 | AM13: 6001 | AN13: 4885 | AO13: 527510 | AP13: 422377 | AQ13: 338957 | AR13: 292824 | AS13: 233283 | AT13: 194741 | AU13: 164597 | AV13: 132039 | AW13: 111300 | AX13: 78702 | AY13: 68538 | AZ13: 48061 | BA13: 39085 | BB13: 25375 | BC13: 23901 | BD13: 12056 | BE13: 10599
... A110: BAYELSA | B110: BRASS | C110: Bayelsa East | D110: 237154 | E110: 247846 | F110: 485000 | G110: 28291 | H110: 30157 | I110: 30565 | J110: 28300 | K110: 20369 | L110: 17445 | M110: 15851 | N110: 15417 | O110: 12363 | P110: 10889 | Q110: 7633 | R110: 6750 | S110: 5076 | T110: 3645 | U110: 1931 | V110: 1673 | W110: 799 | X110: 29482 | Y110: 31974 | Z110: 32491 | AA110: 31496 | AB110: 24165 | AC110: 18084 | AD110: 15179 | AE110: 13626 | AF110: 12632 | AG110: 10582 | AH110: 8305 | AI110: 6346 | AJ110: 5007 | AK110: 3713 | AL110: 2423 | AM110: 1542 | AN110: 799 | AO110: 57773 | AP110: 62131 | AQ110: 63056 | AR110: 59796 | AS110: 44534 | AT110: 35529 | AU110: 31030 | AV110: 29043 | AW110: 24995 | AX110: 21471 | AY110: 15938 | AZ110: 13096 | BA110: 10083 | BB110: 7358 | BC110: 4354 | BD110: 3215 | BE110: 1598

Sheet Metadata
A1: Item | B1: Metadata
A2: Country | B2: Nigeria
A3: Basline population | B3: 2006 Census
A4: Reference year of projections | B4: 2020
A5: Source(s) | B5: United States Cenus Bureau - PEPFAR progrram
B6: https://www.census.gov/geographies/mapping-files/time-series/demo/international-programs/subnationalpopulation.html
A7: Methods | B7: https://www2.census.gov/programs-surveys/international-programs/about/global-mapping/subntl-pop-est-methods-pgs-uscb-dec16.pdf
A8: Year of publication | B8: 2016
A9: ADM1 Name | B9: State and Territory
A10: # of ADM1 units | B10: 37
A11: Age- and Sex disaggregation | B11: 5-year age groups, male, female, SAD integrated
A12: Open-ended group | B12: 80+
A13: ADM2 Name | B13: Local Government Area
A14: # of ADM2 unites | B14: 773
A15: Age- and Sex disaggregation | B15: 5-year age groups, male, female, SAD integrated
A16: Open-ended group | B16: 80+
A17: Limitations of use and general Notes
A23: =SUM('Age groupings population'!#REF!) -> #REF!
A24: =SUM(NGA_ADM2_POP_2020!G:G) -> 218521350
A25: =A24-A23 -> #REF!

Sheet States Lands&Popu
A1: admin1Name_en | B1: admin1RefName | C1: Shape_Length | D1: Shape_Area | E1: Total land mass | F1: Female | G1: Male | H1: Total_Population
A2: Abia | B2: Abia | C2: 4.695135 | D2: 0.396543 | E2: =SUM(C2:D2) -> 5.091678 | F2: =SUBTOTAL(9,'Age groupings population'!D461:D753) -> 895663 | G2: =SUBTOTAL(9,'Age groupings population'!E461:E753) -> 897361 | H2: =SUB(F2:G2) -> #NAME?
A3: Adamawa | B3: Adamawa | C3: 11.525443 | D3: 3.113007 | E3: =SUM(C3:D3) -> 14.63845 | F3: =SUBTOTAL(9,'Age groupings population'!D414:D771) -> 1041814 | G3: =SUBTOTAL(9,'Age groupings population'!E414:E771) -> 1046765
A4: Akwa Ibom | B4: Akwa Ibom | C4: 5.26383 | D4: 0.549476 | E4: =SUM(C4:D4) -> 5.813306 | F4: =SUBTOTAL(9,'Age groupings population'!D93:D763) -> 2387475 | G4: =SUBTOTAL(9,'Age groupings population'!E93:E763) -> 2406927
A5: Anambra | B5: Anambra | C5: 3.59596 | D5: 0.392661 | E5: =SUM(C5:D5) -> 3.988621 | F5: =SUBTOTAL(9,'Age groupings population'!D413:D610) -> 809588 | G5: =SUBTOTAL(9,'Age groupings population'!E413:E610) -> 814316
A6: Bauchi | B6: Bauchi | C6: 13.952005 | D6: 4.011018 | E6: =SUM(C6:D6) -> 17.963023 | F6: =SUBTOTAL(9,'Age groupings population'!D435:D702) -> 781971 | G6: =SUBTOTAL(9,'Age groupings population'!E435:E702) -> 782128
A7: Bayelsa | B7: Bayelsa | C7: 5.046708 | D7: 0.776768 | E7: =SUM(C7:D7) -> 5.823476 | F7: =SUBTOTAL(9,'Age groupings population'!D524:D691) -> 406811 | G7: =SUBTOTAL(9,'Age groupings population'!E524:E691) -> 403196
A8: Benue | B8: Benue | C8: 9.40808 | D8: 2.578363 | E8: =SUM(C8:D8) -> 11.986443 | F8: =SUBTOTAL(9,'Age groupings population'!D428:D738) -> 895663 | G8: =SUBTOTAL(9,'Age groupings population'!E428:E738) -> 897361
A9: Borno | B9: Borno | C9: 13.714364 | D9: 5.987849 | E9: =SUM(C9:D9) -> 19.702213 | F9: 1166632 | G9: 1249801
A10: Cross River | B10: Cross River | C10: 8.779796 | D10: 1.711218 | E10: =SUM(C10:D10) -> 10.491014 | F10: =SUBTOTAL(9,'Age groupings population'!D410:D752) -> 1000969 | G10: =SUBTOTAL(9,'Age groupings population'!E410:E752) -> 1004544
A11: Delta | B11: Delta | C11: 7.372526 | D11: 1.394082 | E11: =SUM(C11:D11) -> 8.766608 | F11: =SUBTOTAL(9,'Age groupings population'!D424:D758) -> 1041814 | G11: =SUBTOTAL(9,'Age groupings population'!E424:E758) -> 1046765
A12: Ebonyi | B12: Ebonyi | C12: 4.489355 | D12: 0.51805 | E12: =SUM(C12:D12) -> 5.007405 | F12: 1523899 | G12: 1459234
A13: Edo | B13: Edo | C13: 7.889425 | D13: 1.595809 | E13: =SUM(C13:D13) -> 9.485234 | F13: 2174346 | G13: 2218724
A14: Ekiti | B14: Ekiti | C14: 3.395633 | D14: 0.471634 | E14: =SUM(C14:D14) -> 3.867267 | F14: 1740362 | G14: 1770590
A15: Enugu | B15: Enugu | C15: 4.319893 | D15: 0.624323 | E15: =SUM(C15:D15) -> 4.944216
A16: Federal Capital Territory | B16: Federal Capital Territory | C16: 3.498412 | D16: 0.607222 | E16: =SUM(C16:D16) -> 4.105634
A17: Gombe | B17: Gombe | C17: 5.955286 | D17: 1.438747 | E17: =SUM(C17:D17) -> 7.394033
A18: Imo | B18: Imo | C18: 2.878088 | D18: 0.414097 | E18: =SUM(C18:D18) -> 3.292185
A19: Jigawa | B19: Jigawa | C19: 11.771497 | D19: 1.928873 | E19: =SUM(C19:D19) -> 13.70037
A20: Kaduna | B20: Kaduna | C20: 12.613678 | D20: 3.645639 | E20: =SUM(C20:D20) -> 16.259317
A21: Kano | B21: Kano | C21: 8.244195 | D21: 1.685607 | E21: =SUM(C21:D21) -> 9.929802
A22: Katsina | B22: Katsina | C22: 9.105637 | D22: 1.991947 | E22: =SUM(C22:D22) -> 11.097584
A23: Kebbi | B23: Kebbi | C23: 14.968981 | D23: 3.035227 | E23: =SUM(C23:D23) -> 18.004208
A24: Kogi | B24: Kogi | C24: 10.476383 | D24: 2.368882 | E24: =SUM(C24:D24) -> 12.845265
A25: Kwara | B25: Kwara | C25: 12.046963 | D25: 2.766244 | E25: =SUM(C25:D25) -> 14.813207
A26: Lagos | B26: Lagos | C26: 4.28777 | D26: 0.300166 | E26: =SUM(C26:D26) -> 4.587936
... A38: Zamfara | B38: Zamfara | C38: 9.466144 | D38: 2.782855 | E38: =SUM(C38:D38) -> 12.248999

Sheet Cross river Land
A1: admin2Name_en | B1: admin2Pcode | C1: CODPSMATCH | D1: admin2RefName | E1: admin2AltName1_en | F1: SenDist_en | G1: SenDistPcode | H1: admin1Name_en | I1: date | J1: validOn | K1: Shape_Length | L1: Shape_Area
A2: Aba North | B2: NG001001 | C2: =COUNTIF(NGA_ADM2_POP_2020!C:C,'Cross river Land'!B2) -> 1 | D2: Aba North | E2: <Null> | F2: Abia South | G2: NG00103 | H2: Abia | I2: 42703 | J2: 43572 | K2: 0.237074 | L2: 0.001524
A3: Aba South | B3: NG001002 | C3: =COUNTIF(NGA_ADM2_POP_2020!C:C,'Cross river Land'!B3) -> 1 | D3: Aba South | E3: <Null> | F3: Abia South | G3: NG00103 | H3: Abia | I3: 42703 | J3: 43572 | K3: 0.262477 | L3: 0.003531
A4: Arochukwu | B4: NG001003 | C4: =COUNTIF(NGA_ADM2_POP_2020!C:C,'Cross river Land'!B4) -> 1 | D4: Arochukwu | E4: <Null> | F4: Abia North | G4: NG00102 | H4: Abia | I4: 42703 | J4: 43572 | K4: 1.263424 | L4: 0.042547
A5: Bende | B5: NG001004 | C5: =COUNTIF(NGA_ADM2_POP_2020!C:C,'Cross river Land'!B5) -> 1 | D5: Bende | E5: <Null> | F5: Abia North | G5: NG00102 | H5: Abia | I5: 42703 | J5: 43572 | K5: 1.36038 | L5: 0.050513
A6: Ikwuano | B6: NG001005 | C6: =COUNTIF(NGA_ADM2_POP_2020!C:C,'Cross river Land'!B6) -> 1 | D6: Ikwuano | E6: <Null> | F6: Abia Central | G6: NG00101 | H6: Abia | I6: 42703 | J6: 43572 | K6: 0.752887 | L6: 0.022714
A7: Isiala-Ngwa North | B7: NG001006 | C7: =COUNTIF(NGA_ADM2_POP_2020!C:C,'Cross river Land'!B7) -> 1 | D7: Isiala-Ngwa North | E7: <Null> | F7: Abia Central | G7: NG00101 | H7: Abia | I7: 42703 | J7: 43572 | K7: 0.863972 | L7: 0.023132
A8: Isiala-Ngwa South | B8: NG001007 | C8: =COUNTIF(NGA_ADM2_POP_2020!C:C,'Cross river Land'!B8) -> 1 | D8: Isiala-Ngwa South | E8: <Null> | F8: Abia Central | G8: NG00101 | H8: Abia | I8: 42703 | J8: 43572 | K8: 0.918367 | L8: 0.022604
A9: Isiukwuato | B9: NG001008 | C9: =COUNTIF(NGA_ADM2_POP_2020!C:C,'Cross river Land'!B9) -> 1 | D9: Isiukwuato | E9: <Null> | F9: Abia North | G9: NG00102 | H9: Abia | I9: 42703 | J9: 43572 | K9: 0.775927 | L9: 0.031235
A10: Obi Ngwa | B10: NG001009 | C10: =COUNTIF(NGA_ADM2_POP_2020!C:C,'Cross river Land'!B10) -> 1 | D10: Obi Ngwa | E10: <Null> | F10: Abia South | G10: NG00103 | H10: Abia | I10: 42703 | J10: 43572 | K10: 0.877278 | L10: 0.032944
A11: Ohafia | B11: NG001010 | C11: =COUNTIF(NGA_ADM2_POP_2020!C:C,'Cross river Land'!B11) -> 1 | D11: Ohafia | E11: <Null> | F11: Abia North | G11: NG00102 | H11: Abia | I11: 42703 | J11: 43572 | K11: 0.946686 | L11: 0.035926
A12: Osisioma Ngwa | B12: NG001011 | C12: =COUNTIF(NGA_ADM2_POP_2020!C:C,'Cross river Land'!B12) -> 1 | D12: Osisioma Ngwa | E12: <Null> | F12: Abia South | G12: NG00103 | H12: Abia | I12: 42703 | J12: 43572 | K12: 0.604804 | L12: 0.014254
A13: Ugwunagbo | B13: NG001012 | C13: =COUNTIF(NGA_ADM2_POP_2020!C:C,'Cross river Land'!B13) -> 1 | D13: Ugwunagbo | E13: <Null> | F13: Abia South | G13: NG00103 | H13: Abia | I13: 42703 | J13: 43572 | K13: 0.49429 | L13: 0.010274
... A775: Zurmi | B775: NG037014 | C775: =COUNTIF(NGA_ADM2_POP_2020!C:C,'Cross river Land'!B775) -> 1 | D775: Zurmi | E775: <Null> | F775: Zamfara North | G775: NG03702 | H775: Zamfara | I775: 42703 | J775: 43572 | K775: 2.611934 | L775: 0.223538
K776: =SUM(K170:K187) -> 26.244799 | L776: =SUM(L170:L187) -> 1.711217
L779: Total Landmass
L780: =SUM(K776:L776) -> 27.956016

Sheet NGA_ADM2_POP_2020
A1: ADM1_NAME | B1: ADM2_NAME | C1: ADM2_PCODE | D1: UNIQUE | E1: F_TL | F1: M_TL | G1: T_TL | H1: F_00_04 | I1: F_05_09 | J1: F_10_14 | K1: F_15_19 | L1: F_20_24 | M1: F_25_29 | N1: F_30_34 | O1: F_35_39 | P1: F_40_44 | Q1: F_45_49 | R1: F_50_54 | S1: F_55_59 | T1: F_60_64 | U1: F_65_69 | V1: F_70_74 | W1: F_75_79 | X1: F_80Plus | Y1: M_00_04 | Z1: M_05_09 | AA1: M_10_14 | AB1: M_15_19 | AC1: M_20_24 | AD1: M_25_29 | AE1: M_30_34 | AF1: M_35_39 | AG1: M_40_44 | AH1: M_45_49 | AI1: M_50_54 | AJ1: M_55_59 | AK1: M_60_64 | AL1: M_65_69 | AM1: M_70_74 | AN1: M_75_79 | AO1: M_80Plus | AP1: T_00_04 | AQ1: T_05_09 | AR1: T_10_14 | AS1: T_15_19 | AT1: T_20_24 | AU1: T_25_29 | AV1: T_30_34 | AW1: T_35_39 | AX1: T_40_44 | AY1: T_45_49 | AZ1: T_50_54 | BA1: T_55_59 | BB1: T_60_64 | BC1: T_65_69 | BD1: T_70_74 | BE1: T_75_79 | BF1: T_80Plus
A2: ABIA | B2: ABA NORTH | C2: =VLOOKUP(B2,'Cross river Land'!A:B,2,0) -> NG001001 | D2: =COUNTIF(C:C,C2) -> 1 | E2: 57686 | F2: 57619 | G2: 115305 | H2: 6388 | I2: 5977 | J2: 7828 | K2: 7206 | L2: 5964 | M2: 4996 | N2: 4249 | O2: 3896 | P2: 2843 | Q2: 2483 | R2: 1641 | S2: 1517 | T2: 935 | U2: 828 | V2: 443 | W2: 315 | X2: 177 | Y2: 6624 | Z2: 5870 | AA2: 6606 | AB2: 6046 | AC2: 5819 | AD2: 4994 | AE2: 4586 | AF2: 3865 | AG2: 3571 | AH2: 3160 | AI2: 2061 | AJ2: 1845 | AK2: 907 | AL2: 911 | AM2: 374 | AN2: 277 | AO2: 103 | AP2: 13012 | AQ2: 11847 | AR2: 14434 | AS2: 13252 | AT2: 11783 | AU2: 9990 | AV2: 8835 | AW2: 7761 | AX2: 6414 | AY2: 5643 | AZ2: 3702 | BA2: 3362 | BB2: 1842 | BC2: 1739 | BD2: 817 | BE2: 592 | BF2: 280
A3: ABIA | B3: ABA SOUTH | C3: =VLOOKUP(B3,'Cross river Land'!A:B,2,0) -> NG001002 | D3: =COUNTIF(C:C,C3) -> 1 | E3: 185314 | F3: 199626 | G3: 384940 | H3: 19222 | I3: 20744 | J3: 24907 | K3: 23586 | L3: 18694 | M3: 15988 | N3: 13318 | O3: 12485 | P3: 9173 | Q3: 8381 | R3: 5613 | S3: 5142 | T3: 2834 | U3: 2467 | V3: 1239 | W3: 986 | X3: 535 | Y3: 20579 | Z3: 21416 | AA3: 24319 | AB3: 24659 | AC3: 21072 | AD3: 17262 | AE3: 14268 | AF3: 12228 | AG3: 11039 | AH3: 9561 | AI3: 7101 | AJ3: 6022 | AK3: 3828 | AL3: 3118 | AM3: 1644 | AN3: 1020 | AO3: 490 | AP3: 39801 | AQ3: 42160 | AR3: 49226 | AS3: 48245 | AT3: 39766 | AU3: 33250 | AV3: 27586 | AW3: 24713 | AX3: 20212 | AY3: 17942 | AZ3: 12714 | BA3: 11164 | BB3: 6662 | BC3: 5585 | BD3: 2883 | BE3: 2006 | BF3: 1025
A4: ABIA | B4: AROCHUKWU | C4: =VLOOKUP(B4,'Cross river Land'!A:B,2,0) -> NG001003 | D4: =COUNTIF(C:C,C4) -> 1 | E4: 126730 | F4: 128709 | G4: 255439 | H4: 13544 | I4: 14969 | J4: 15892 | K4: 15049 | L4: 10955 | M4: 9022 | N4: 8242 | O4: 8102 | P4: 6759 | Q4: 6111 | R4: 4644 | S4: 4393 | T4: 3054 | U4: 2717 | V4: 1568 | W4: 1065 | X4: 644 | Y4: 14374 | Z4: 16017 | AA4: 17151 | AB4: 16624 | AC4: 12964 | AD4: 9550 | AE4: 7395 | AF4: 6701 | AG4: 6198 | AH4: 5546 | AI4: 4397 | AJ4: 3689 | AK4: 2579 | AL4: 2452 | AM4: 1407 | AN4: 1179 | AO4: 486 | AP4: 27918 | AQ4: 30986 | AR4: 33043 | AS4: 31673 | AT4: 23919 | AU4: 18572 | AV4: 15637 | AW4: 14803 | AX4: 12957 | AY4: 11657 | AZ4: 9041 | BA4: 8082 | BB4: 5633 | BC4: 5169 | BD4: 2975 | BE4: 2244 | BF4: 1130
A5: ABIA | B5: BENDE | C5: =VLOOKUP(B5,'Cross river Land'!A:B,2,0) -> NG001004 | D5: =COUNTIF(C:C,C5) -> 1 | E5: 124460 | F5: 120035 | G5: 244495 | H5: 13473 | I5: 13602 | J5: 14501 | K5: 13798 | L5: 9908 | M5: 8153 | N5: 7678 | O5: 7475 | P5: 6353 | Q5: 6221 | R5: 5070 | S5: 5135 | T5: 3817 | U5: 4021 | V5: 2598 | W5: 1788 | X5: 869 | Y5: 13632 | Z5: 14335 | AA5: 15180 | AB5: 14995 | AC5: 11648 | AD5: 8674 | AE5: 7119 | AF5: 6164 | AG5: 5804 | AH5: 5368 | AI5: 3973 | AJ5: 4150 | AK5: 2546 | AL5: 2993 | AM5: 1523 | AN5: 1315 | AO5: 616 | AP5: 27105 | AQ5: 27937 | AR5: 29681 | AS5: 28793 | AT5: 21556 | AU5: 16827 | AV5: 14797 | AW5: 13639 | AX5: 12157 | AY5: 11589 | AZ5: 9043 | BA5: 9285 | BB5: 6363 | BC5: 7014 | BD5: 4121 | BE5: 3103 | BF5: 1485
A6: ABIA | B6: IKWUANO | C6: =VLOOKUP(B6,'Cross river Land'!A:B,2,0) -> NG001005 | D6: =COUNTIF(C:C,C6) -> 1 | E6: 155278 | F6: 161525 | G6: 316803 | H6: 16378 | I6: 18303 | J6: 19019 | K6: 19069 | L6: 15232 | M6: 11109 | N6: 9742 | O6: 9133 | P6: 7577 | Q6: 7187 | R6: 5489 | S6: 5428 | T6: 3637 | U6: 3631 | V6: 2104 | W6: 1414 | X6: 826 | Y6: 16909 | Z6: 18989 | AA6: 20743 | AB6: 20924 | AC6: 20270 | AD6: 12862 | AE6: 9060 | AF6: 7906 | AG6: 7285 | AH6: 6483 | AI6: 4938 | AJ6: 5091 | AK6: 3138 | AL6: 3092 | AM6: 1822 | AN6: 1365 | AO6: 648 | AP6: 33287 | AQ6: 37292 | AR6: 39762 | AS6: 39993 | AT6: 35502 | AU6: 23971 | AV6: 18802 | AW6: 17039 | AX6: 14862 | AY6: 13670 | AZ6: 10427 | BA6: 10519 | BB6: 6775 | BC6: 6723 | BD6: 3926 | BE6: 2779 | BF6: 1474
A7: ABIA | B7: Isiala-Ngwa North | C7: =VLOOKUP(B7,'Cross river Land'!A:B,2,0) -> NG001006 | D7: =COUNTIF(C:C,C7) -> 1 | E7: 112642 | F7: 108993 | G7: 221635 | H7: 12122 | I7: 12698 | J7: 14546 | K7: 13791 | L7: 9362 | M7: 7858 | N7: 7100 | O7: 6799 | P7: 5772 | Q7: 5205 | R7: 4287 | S7: 3878 | T7: 2737 | U7: 2556 | V7: 1984 | W7: 1118 | X7: 829 | Y7: 12596 | Z7: 13190 | AA7: 14682 | AB7: 14187 | AC7: 10438 | AD7: 7669 | AE7: 6249 | AF7: 5570 | AG7: 5138 | AH7: 4599 | AI7: 3757 | AJ7: 3456 | AK7: 2204 | AL7: 2158 | AM7: 1441 | AN7: 1075 | AO7: 584 | AP7: 24718 | AQ7: 25888 | AR7: 29228 | AS7: 27978 | AT7: 19800 | AU7: 15527 | AV7: 13349 | AW7: 12369 | AX7: 10910 | AY7: 9804 | AZ7: 8044 | BA7: 7334 | BB7: 4941 | BC7: 4714 | BD7: 3425 | BE7: 2193 | BF7: 1413
A8: ABIA | B8: Isiala-Ngwa South | C8: =VLOOKUP(B8,'Cross river Land'!A:B,2,0) -> NG001007 | D8: =COUNTIF(C:C,C8) -> 1 | E8: 84520 | F8: 80615 | G8: 165135 | H8: 9523 | I8: 9062 | J8: 11124 | K8: 10189 | L8: 7055 | M8: 5705 | N8: 5160 | O8: 4907 | P8: 4335 | Q8: 3745 | R8: 3434 | S8: 3005 | T8: 2452 | U8: 1800 | V8: 1362 | W8: 914 | X8: 748 | Y8: 9746 | Z8: 9383 | AA8: 11724 | AB8: 10225 | AC8: 7117 | AD8: 5385 | AE8: 4768 | AF8: 4161 | AG8: 4044 | AH8: 3371 | AI8: 2718 | AJ8: 2408 | AK8: 1710 | AL8: 1475 | AM8: 1060 | AN8: 833 | AO8: 487 | AP8: 19269 | AQ8: 18445 | AR8: 22848 | AS8: 20414 | AT8: 14172 | AU8: 11090 | AV8: 9928 | AW8: 9068 | AX8: 8379 | AY8: 7116 | AZ8: 6152 | BA8: 5413 | BB8: 4162 | BC8: 3275 | BD8: 2422 | BE8: 1747 | BF8: 1235
A9: ABIA | B9: Isiukwuato | C9: =VLOOKUP(B9,'Cross river Land'!A:B,2,0) -> NG001008 | D9: =COUNTIF(C:C,C9) -> 1 | E9: 93491 | F9: 87572 | G9: 181063 | H9: 8525 | I9: 8746 | J9: 11130 | K9: 12206 | L9: 10032 | M9: 5871 | N9: 4877 | O9: 4773 | P9: 4335 | Q9: 4240 | R9: 3755 | S9: 4095 | T9: 3161 | U9: 3373 | V9: 2045 | W9: 1511 | X9: 816 | Y9: 8511 | Z9: 8910 | AA9: 11734 | AB9: 12210 | AC9: 10640 | AD9: 6711 | AE9: 4747 | AF9: 4079 | AG9: 3804 | AH9: 3621 | AI9: 2718 | AJ9: 2924 | AK9: 1979 | AL9: 2064 | AM9: 1316 | AN9: 1101 | AO9: 503 | AP9: 17036 | AQ9: 17656 | AR9: 22864 | AS9: 24416 | AT9: 20672 | AU9: 12582 | AV9: 9624 | AW9: 8852 | AX9: 8139 | AY9: 7861 | AZ9: 6473 | BA9: 7019 | BB9: 5140 | BC9: 5437 | BD9: 3361 | BE9: 2612 | BF9: 1319
A10: ABIA | B10: Obi Ngwa | C10: =VLOOKUP(B10,'Cross river Land'!A:B,2,0) -> NG001009 | D10: =COUNTIF(C:C,C10) -> 1 | E10: 121537 | F10: 116490 | G10: 238027 | H10: 13615 | I10: 13484 | J10: 16478 | K10: 14886 | L10: 10425 | M10: 8067 | N10: 7479 | O10: 6939 | P10: 6232 | Q10: 5514 | R10: 4552 | S10: 3785 | T10: 3208 | U10: 2504 | V10: 2055 | W10: 1274 | X10: 1040 | Y10: 13642 | Z10: 13960 | AA10: 16062 | AB10: 14501 | AC10: 10768 | AD10: 8067 | AE10: 6863 | AF10: 5791 | AG10: 5772 | AH10: 5263 | AI10: 4120 | AJ10: 3616 | AK10: 2563 | AL10: 2222 | AM10: 1533 | AN10: 1046 | AO10: 701 | AP10: 27257 | AQ10: 27444 | AR10: 32540 | AS10: 29387 | AT10: 21193 | AU10: 16134 | AV10: 14342 | AW10: 12730 | AX10: 12004 | AY10: 10777 | AZ10: 8672 | BA10: 7401 | BB10: 5771 | BC10: 4726 | BD10: 3588 | BE10: 2320 | BF10: 1741
A11: ABIA | B11: OHAFIA | C11: =VLOOKUP(B11,'Cross river Land'!A:B,2,0) -> NG001010 | D11: =COUNTIF(C:C,C11) -> 1 | E11: 176085 | F11: 177797 | G11: 353882 | H11: 19431 | I11: 20452 | J11: 21995 | K11: 20914 | L11: 14677 | M11: 12154 | N11: 11006 | O11: 11002 | P11: 9056 | Q11: 8479 | R11: 6370 | S11: 6527 | T11: 4151 | U11: 3993 | V11: 2696 | W11: 2117 | X11: 1065 | Y11: 20654 | Z11: 21767 | AA11: 24353 | AB11: 23893 | AC11: 17072 | AD11: 12733 | AE11: 10064 | AF11: 9080 | AG11: 8350 | AH11: 7490 | AI11: 5664 | AJ11: 5486 | AK11: 3339 | AL11: 3320 | AM11: 2118 | AN11: 1604 | AO11: 810 | AP11: 40085 | AQ11: 42219 | AR11: 46348 | AS11: 44807 | AT11: 31749 | AU11: 24887 | AV11: 21070 | AW11: 20082 | AX11: 17406 | AY11: 15969 | AZ11: 12034 | BA11: 12013 | BB11: 7490 | BC11: 7313 | BD11: 4814 | BE11: 3721 | BF11: 1875
A12: ABIA | B12: OSISIOMA NGWA | C12: =VLOOKUP(B12,'Cross river Land'!A:B,2,0) -> NG001011 | D12: =COUNTIF(C:C,C12) -> 1 | E12: 143335 | F12: 145419 | G12: 288754 | H12: 17830 | I12: 15892 | J12: 19286 | K12: 17189 | L12: 13810 | M12: 11661 | N12: 9932 | O12: 8861 | P12: 6845 | Q12: 5787 | R12: 4245 | S12: 4076 | T12: 2674 | U12: 2083 | V12: 1363 | W12: 1075 | X12: 726 | Y12: 19000 | Z12: 16229 | AA12: 17748 | AB12: 16401 | AC12: 14294 | AD12: 11821 | AE12: 10432 | AF12: 8764 | AG12: 8056 | AH12: 6829 | AI12: 4956 | AJ12: 4043 | AK12: 2293 | AL12: 2078 | AM12: 1139 | AN12: 869 | AO12: 467 | AP12: 36830 | AQ12: 32121 | AR12: 37034 | AS12: 33590 | AT12: 28104 | AU12: 23482 | AV12: 20364 | AW12: 17625 | AX12: 14901 | AY12: 12616 | AZ12: 9201 | BA12: 8119 | BB12: 4967 | BC12: 4161 | BD12: 2502 | BE12: 1944 | BF12: 1193
A13: ABIA | B13: UGWUNAGBO | C13: =VLOOKUP(B13,'Cross river Land'!A:B,2,0) -> NG001012 | D13: =COUNTIF(C:C,C13) -> 1 | E13: 55827 | F13: 55886 | G13: 111713 | H13: 6639 | I13: 6796 | J13: 7135 | K13: 6971 | L13: 4795 | M13: 4033 | N13: 3607 | O13: 3395 | P13: 2717 | Q13: 2503 | R13: 1923 | S13: 1653 | T13: 1106 | U13: 1108 | V13: 653 | W13: 471 | X13: 322 | Y13: 6747 | Z13: 6956 | AA13: 7523 | AB13: 7059 | AC13: 5352 | AD13: 4034 | AE13: 3415 | AF13: 2992 | AG13: 2798 | AH13: 2390 | AI13: 1891 | AJ13: 1540 | AK13: 1169 | AL13: 929 | AM13: 509 | AN13: 363 | AO13: 219 | AP13: 13386 | AQ13: 13752 | AR13: 14658 | AS13: 14030 | AT13: 10147 | AU13: 8067 | AV13: 7022 | AW13: 6387 | AX13: 5515 | AY13: 4893 | AZ13: 3814 | BA13: 3193 | BB13: 2275 | BC13: 2037 | BD13: 1162 | BE13: 834 | BF13: 541
... A399: KANO | B399: MINJIBIR | C399: =VLOOKUP(B399,'Cross river Land'!A:B,2,0) -> NG020030 | D399: =COUNTIF(C:C,C399) -> 1 | E399: 152314 | F399: 148427 | G399: 300741 | H399: 29601 | I399: 24501 | J399: 16971 | K399: 15531 | L399: 12814 | M399: 10933 | N399: 9778 | O399: 7243 | P399: 6854 | Q399: 3955 | R399: 4304 | S399: 2323 | T399: 2736 | U399: 1402 | V399: 1896 | W399: 677 | X399: 795 | Y399: 31593 | Z399: 24329 | AA399: 17114 | AB399: 13941 | AC399: 9506 | AD399: 8951 | AE399: 8825 | AF399: 7518 | AG399: 6987 | AH399: 4638 | AI399: 4658 | AJ399: 2875 | AK399: 2878 | AL399: 1406 | AM399: 1882 | AN399: 669 | AO399: 657 | AP399: 61194 | AQ399: 48830 | AR399: 34085 | AS399: 29472 | AT399: 22320 | AU399: 19884 | AV399: 18603 | AW399: 14761 | AX399: 13841 | AY399: 8593 | AZ399: 8962 | BA399: 5198 | BB399: 5614 | BC399: 2808 | BD399: 3778 | BE399: 1346 | BF399: 1452
A400: KANO | B400: NASSARAWA | C400: NG020031 | D400: =COUNTIF(C:C,C400) -> 1 | E400: 467494 | F400: 565158 | G400: 1032652 | H400: 90480 | I400: 72114 | J400: 62452 | K400: 48217 | L400: 41026 | M400: 35580 | N400: 28051 | O400: 22510 | P400: 19499 | Q400: 12169 | R400: 10890 | S400: 7367 | T400: 5979 | U400: 3695 | V400: 3676 | W400: 1790 | X400: 1999 | Y400: 96121 | Z400: 77751 | AA400: 76169 | AB400: 65530 | AC400: 50627 | AD400: 43578 | AE400: 35889 | AF400: 30486 | AG400: 24169 | AH400: 18639 | AI400: 14078 | AJ400: 12616 | AK400: 7114 | AL400: 5568 | AM400: 3403 | AN400: 2078 | AO400: 1342 | AP400: 186601 | AQ400: 149865 | AR400: 138621 | AS400: 113747 | AT400: 91653 | AU400: 79158 | AV400: 63940 | AW400: 52996 | AX400: 43668 | AY400: 30808 | AZ400: 24968 | BA400: 19983 | BB400: 13093 | BC400: 9263 | BD400: 7079 | BE400: 3868 | BF400: 3341
A401: KANO | B401: RANO | C401: =VLOOKUP(B401,'Cross river Land'!A:B,2,0) -> NG020032 | D401: =COUNTIF(C:C,C401) -> 1 | E401: 110725 | F401: 117271 | G401: 227996 | H401: 22758 | I401: 18114 | J401: 12579 | K401: 10723 | L401: 9575 | M401: 7966 | N401: 7125 | O401: 4973 | P401: 4723 | Q401: 2921 | R401: 3047 | S401: 1408 | T401: 1985 | U401: 766 | V401: 1196 | W401: 386 | X401: 480 | Y401: 23803 | Z401: 19607 | AA401: 14855 | AB401: 12378 | AC401: 8753 | AD401: 7248 | AE401: 6817 | AF401: 5687 | AG401: 5100 | AH401: 3338 | AI401: 3273 | AJ401: 1664 | AK401: 1954 | AL401: 820 | AM401: 1112 | AN401: 392 | AO401: 470 | AP401: 46561 | AQ401: 37721 | AR401: 27434 | AS401: 23101 | AT401: 18328 | AU401: 15214 | AV401: 13942 | AW401: 10660 | AX401: 9823 | AY401: 6259 | AZ401: 6320 | BA401: 3072 | BB401: 3939 | BC401: 1586 | BD401: 2308 | BE401: 778 | BF401: 950
A402: KANO | B402: RIMIN GADO | C402: =VLOOKUP(B402,'Cross river Land'!A:B,2,0) -> NG020033 | D402: =COUNTIF(C:C,C402) -> 1 | E402: 74289 | F402: 79279 | G402: 153568 | H402: 14275 | I402: 12133 | J402: 8838 | K402: 7649 | L402: 6453 | M402: 5227 | N402: 4686 | O402: 3371 | P402: 3258 | Q402: 1876 | R402: 2020 | S402: 1185 | T402: 1271 | U402: 581 | V402: 830 | W402: 248 | X402: 388 | Y402: 15190 | Z402: 13434 | AA402: 11236 | AB402: 8424 | AC402: 5658 | AD402: 4960 | AE402: 4476 | AF402: 3635 | AG402: 3439 | AH402: 2180 | AI402: 2323 | AJ402: 1024 | AK402: 1330 | AL402: 573 | AM402: 764 | AN402: 298 | AO402: 335 | AP402: 29465 | AQ402: 25567 | AR402: 20074 | AS402: 16073 | AT402: 12111 | AU402: 10187 | AV402: 9162 | AW402: 7006 | AX402: 6697 | AY402: 4056 | AZ402: 4343 | BA402: 2209 | BB402: 2601 | BC402: 1154 | BD402: 1594 | BE402: 546 | BF402: 723
A403: KANO | B403: ROGO | C403: =VLOOKUP(B403,'Cross river Land'!A:B,2,0) -> NG020034 | D403: =COUNTIF(C:C,C403) -> 1 | E403: 160428 | F403: 159830 | G403: 320258 | H403: 32474 | I403: 27590 | J403: 17457 | K403: 16671 | L403: 15323 | M403: 11735 | N403: 10243 | O403: 6529 | P403: 6457 | Q403: 3219 | R403: 4100 | S403: 1910 | T403: 2596 | U403: 1121 | V403: 1730 | W403: 552 | X403: 721 | Y403: 33890 | Z403: 27267 | AA403: 19692 | AB403: 15207 | AC403: 10138 | AD403: 9824 | AE403: 10289 | AF403: 7858 | AG403: 7353 | AH403: 4017 | AI403: 4764 | AJ403: 2434 | AK403: 2855 | AL403: 1193 | AM403: 1732 | AN403: 586 | AO403: 731 | AP403: 66364 | AQ403: 54857 | AR403: 37149 | AS403: 31878 | AT403: 25461 | AU403: 21559 | AV403: 20532 | AW403: 14387 | AX403: 13810 | AY403: 7236 | AZ403: 8864 | BA403: 4344 | BB403: 5451 | BC403: 2314 | BD403: 3462 | BE403: 1138 | BF403: 1452
A404: KANO | B404: SHANONO | C404: =VLOOKUP(B404,'Cross river Land'!A:B,2,0) -> NG020035 | D404: =COUNTIF(C:C,C404) -> 1 | E404: 100801 | F404: 97951 | G404: 198752 | H404: 20187 | I404: 15716 | J404: 12151 | K404: 10819 | L404: 8665 | M404: 7434 | N404: 6295 | O404: 4470 | P404: 4211 | Q404: 2507 | R404: 2697 | S404: 1355 | T404: 1610 | U404: 794 | V404: 1023 | W404: 444 | X404: 423 | Y404: 21456 | Z404: 16246 | AA404: 11659 | AB404: 9341 | AC404: 6396 | AD404: 5958 | AE404: 6027 | AF404: 4884 | AG404: 4406 | AH404: 2920 | AI404: 2852 | AJ404: 1531 | AK404: 1628 | AL404: 748 | AM404: 1059 | AN404: 377 | AO404: 463 | AP404: 41643 | AQ404: 31962 | AR404: 23810 | AS404: 20160 | AT404: 15061 | AU404: 13392 | AV404: 12322 | AW404: 9354 | AX404: 8617 | AY404: 5427 | AZ404: 5549 | BA404: 2886 | BB404: 3238 | BC404: 1542 | BD404: 2082 | BE404: 821 | BF404: 886
A405: KANO | B405: SUMAILA | C405: =VLOOKUP(B405,'Cross river Land'!A:B,2,0) -> NG020036 | D405: =COUNTIF(C:C,C405) -> 1 | E405: 165935 | F405: 166715 | G405: 332650 | H405: 31814 | I405: 27049 | J405: 18389 | K405: 17042 | L405: 15094 | M405: 12151 | N405: 11294 | O405: 7590 | P405: 7539 | Q405: 4238 | R405: 4637 | S405: 2100 | T405: 2692 | U405: 1139 | V405: 1651 | W405: 709 | X405: 807 | Y405: 33630 | Z405: 27255 | AA405: 19696 | AB405: 16312 | AC405: 11563 | AD405: 10286 | AE405: 10779 | AF405: 8277 | AG405: 8184 | AH405: 4829 | AI405: 5460 | AJ405: 2420 | AK405: 3097 | AL405: 1282 | AM405: 2048 | AN405: 751 | AO405: 846 | AP405: 65444 | AQ405: 54304 | AR405: 38085 | AS405: 33354 | AT405: 26657 | AU405: 22437 | AV405: 22073 | AW405: 15867 | AX405: 15723 | AY405: 9067 | AZ405: 10097 | BA405: 4520 | BB405: 5789 | BC405: 2421 | BD405: 3699 | BE405: 1460 | BF405: 1653
A406: KANO | B406: TAKAI | C406: =VLOOKUP(B406,'Cross river Land'!A:B,2,0) -> NG020037 | D406: =COUNTIF(C:C,C406) -> 1 | E406: 138689 | F406: 136560 | G406: 275249 | H406: 25481 | I406: 22371 | J406: 15638 | K406: 13814 | L406: 12949 | M406: 10510 | N406: 9535 | O406: 6160 | P406: 6437 | Q406: 3450 | R406: 3909 | S406: 1944 | T406: 2420 | U406: 1128 | V406: 1564 | W406: 614 | X406: 765 | Y406: 27025 | Z406: 22408 | AA406: 16075 | AB406: 13293 | AC406: 9122 | AD406: 8601 | AE406: 9075 | AF406: 6772 | AG406: 6879 | AH406: 3787 | AI406: 4454 | AJ406: 2189 | AK406: 2730 | AL406: 1186 | AM406: 1730 | AN406: 537 | AO406: 697 | AP406: 52506 | AQ406: 44779 | AR406: 31713 | AS406: 27107 | AT406: 22071 | AU406: 19111 | AV406: 18610 | AW406: 12932 | AX406: 13316 | AY406: 7237 | AZ406: 8363 | BA406: 4133 | BB406: 5150 | BC406: 2314 | BD406: 3294 | BE406: 1151 | BF406: 1462
A407: KANO | B407: TARAUNI | C407: =VLOOKUP(B407,'Cross river Land'!A:B,2,0) -> NG020038 | D407: =COUNTIF(C:C,C407) -> 1 | E407: 171137 | F407: 213031 | G407: 384168 | H407: 32430 | I407: 25630 | J407: 23625 | K407: 18543 | L407: 14804 | M407: 12647 | N407: 9884 | O407: 8416 | P407: 6875 | Q407: 4828 | R407: 3844 | S407: 2992 | T407: 2224 | U407: 1473 | V407: 1492 | W407: 718 | X407: 712 | Y407: 33618 | Z407: 27588 | AA407: 31167 | AB407: 27246 | AC407: 20804 | AD407: 16788 | AE407: 13090 | AF407: 11359 | AG407: 8641 | AH407: 6815 | AI407: 4658 | AJ407: 4691 | AK407: 2515 | AL407: 1910 | AM407: 1065 | AN407: 633 | AO407: 443 | AP407: 66048 | AQ407: 53218 | AR407: 54792 | AS407: 45789 | AT407: 35608 | AU407: 29435 | AV407: 22974 | AW407: 19775 | AX407: 15516 | AY407: 11643 | AZ407: 8502 | BA407: 7683 | BB407: 4739 | BC407: 3383 | BD407: 2557 | BE407: 1351 | BF407: 1155
A408: KANO | B408: TOFA | C408: =VLOOKUP(B408,'Cross river Land'!A:B,2,0) -> NG020039 | D408: =COUNTIF(C:C,C408) -> 1 | E408: 64480 | F408: 66288 | G408: 130768 | H408: 12702 | I408: 10390 | J408: 7707 | K408: 6298 | L408: 5477 | M408: 4491 | N408: 4059 | O408: 2830 | P408: 2853 | Q408: 1624 | R408: 1956 | S408: 924 | T408: 1124 | U408: 536 | V408: 779 | W408: 377 | X408: 353 | Y408: 13451 | Z408: 11023 | AA408: 8567 | AB408: 6744 | AC408: 4630 | AD408: 4093 | AE408: 3929 | AF408: 3230 | AG408: 2789 | AH408: 1860 | AI408: 1871 | AJ408: 1109 | AK408: 1138 | AL408: 596 | AM408: 674 | AN408: 299 | AO408: 285 | AP408: 26153 | AQ408: 21413 | AR408: 16274 | AS408: 13042 | AT408: 10107 | AU408: 8584 | AV408: 7988 | AW408: 6060 | AX408: 5642 | AY408: 3484 | AZ408: 3827 | BA408: 2033 | BB408: 2262 | BC408: 1132 | BD408: 1453 | BE408: 676 | BF408: 638
A409: KANO | B409: TSANYAWA | C409: =VLOOKUP(B409,'Cross river Land'!A:B,2,0) -> NG020040 | D409: =COUNTIF(C:C,C409) -> 1 | E409: 112753 | F409: 118478 | G409: 231231 | H409: 23082 | I409: 17502 | J409: 13494 | K409: 11372 | L409: 9368 | M409: 8211 | N409: 6885 | O409: 5423 | P409: 4640 | Q409: 3186 | R409: 3085 | S409: 1656 | T409: 1817 | U409: 821 | V409: 1150 | W409: 552 | X409: 509 | Y409: 24709 | Z409: 19300 | AA409: 15566 | AB409: 12550 | AC409: 8805 | AD409: 7423 | AE409: 6620 | AF409: 5735 | AG409: 4946 | AH409: 3558 | AI409: 3223 | AJ409: 1576 | AK409: 1701 | AL409: 701 | AM409: 1140 | AN409: 452 | AO409: 473 | AP409: 47791 | AQ409: 36802 | AR409: 29060 | AS409: 23922 | AT409: 18173 | AU409: 15634 | AV409: 13505 | AW409: 11158 | AX409: 9586 | AY409: 6744 | AZ409: 6308 | BA409: 3232 | BB409: 3518 | BC409: 1522 | BD409: 2290 | BE409: 1004 | BF409: 982
A410: KANO | B410: TUDUN WADA | C410: =VLOOKUP(B410,'Cross river Land'!A:B,2,0) -> NG020041 | D410: =COUNTIF(C:C,C410) -> 1 | E410: 161464 | F410: 160992 | G410: 322456 | H410: 31362 | I410: 27196 | J410: 17693 | K410: 17234 | L410: 14939 | M410: 11837 | N410: 10519 | O410: 6843 | P410: 7171 | Q410: 3735 | R410: 4249 | S410: 2104 | T410: 2473 | U410: 1085 | V410: 1625 | W410: 640 | X410: 759 | Y410: 33277 | Z410: 27652 | AA410: 18871 | AB410: 15035 | AC410: 10484 | AD410: 9934 | AE410: 10474 | AF410: 8118 | AG410: 7806 | AH410: 4431 | AI410: 4983 | AJ410: 2416 | AK410: 2966 | AL410: 1298 | AM410: 1864 | AN410: 631 | AO410: 752 | AP410: 64639 | AQ410: 54848 | AR410: 36564 | AS410: 32269 | AT410: 25423 | AU410: 21771 | AV410: 20993 | AW410: 14961 | AX410: 14977 | AY410: 8166 | AZ410: 9232 | BA410: 4520 | BB410: 5439 | BC410: 2383 | BD410: 3489 | BE410: 1271 | BF410: 1511
A411: KANO | B411: UNGOGO | C411: =VLOOKUP(B411,'Cross river Land'!A:B,2,0) -> NG020042 | D411: =COUNTIF(C:C,C411) -> 1 | E411: 325243 | F411: 366237 | G411: 691480 | H411: 67915 | I411: 52021 | J411: 39383 | K411: 32544 | L411: 29624 | M411: 24124 | N411: 19613 | O411: 14459 | P411: 13097 | Q411: 7546 | R411: 7429 | S411: 4679 | T411: 4499 | U411: 2530 | V411: 3096 | W411: 1298 | X411: 1386 | Y411: 70503 | Z411: 55667 | AA411: 48401 | AB411: 39502 | AC411: 29240 | AD411: 25396 | AE411: 21258 | AF411: 18240 | AG411: 15789 | AH411: 10935 | AI411: 9531 | AJ411: 7395 | AK411: 5627 | AL411: 3373 | AM411: 2881 | AN411: 1379 | AO411: 1120 | AP411: 138418 | AQ411: 107688 | AR411: 87784 | AS411: 72046 | AT411: 58864 | AU411: 49520 | AV411: 40871 | AW411: 32699 | AX411: 28886 | AY411: 18481 | AZ411: 16960 | BA411: 12074 | BB411: 10126 | BC411: 5903 | BD411: 5977 | BE411: 2677 | BF411: 2506
A412: KANO | B412: WARAWA | C412: =VLOOKUP(B412,'Cross river Land'!A:B,2,0) -> NG020043 | D412: =COUNTIF(C:C,C412) -> 1 | E412: 91262 | F412: 94252 | G412: 185514 | H412: 17176 | I412: 14881 | J412: 10213 | K412: 8585 | L412: 8180 | M412: 6783 | N412: 6458 | O412: 4108 | P412: 4488 | Q412: 2043 | R412: 2641 | S412: 1226 | T412: 1728 | U412: 804 | V412: 1145 | W412: 346 | X412: 457 | Y412: 17619 | Z412: 16363 | AA412: 11621 | AB412: 9499 | AC412: 5862 | AD412: 5836 | AE412: 5806 | AF412: 4470 | AG412: 4565 | AH412: 2675 | AI412: 3259 | AJ412: 1720 | AK412: 2036 | AL412: 878 | AM412: 1178 | AN412: 437 | AO412: 428 | AP412: 34795 | AQ412: 31244 | AR412: 21834 | AS412: 18084 | AT412: 14042 | AU412: 12619 | AV412: 12264 | AW412: 8578 | AX412: 9053 | AY412: 4718 | AZ412: 5900 | BA412: 2946 | BB412: 3764 | BC412: 1682 | BD412: 2323 | BE412: 783 | BF412: 885
... A533: NASARAWA | B533: LAFIA | C533: =VLOOKUP(B533,'Cross river Land'!A:B,2,0) -> NG026008 | D533: =COUNTIF(C:C,C533) -> 1 | E533: 195120 | F533: 199169 | G533: 394289 | H533: 35887 | I533: 29629 | J533: 24391 | K533: 21780 | L533: 18238 | M533: 15374 | N533: 12043 | O533: 9491 | P533: 7771 | Q533: 5411 | R533: 4366 | S533: 2981 | T533: 2592 | U533: 2120 | V533: 1571 | W533: 837 | X533: 638 | Y533: 36926 | Z533: 29963 | AA533: 24727 | AB533: 21543 | AC533: 16667 | AD533: 14731 | AE533: 12965 | AF533: 10804 | AG533: 8655 | AH533: 6561 | AI533: 4993 | AJ533: 3425 | AK533: 2472 | AL533: 1977 | AM533: 1343 | AN533: 827 | AO533: 590 | AP533: 72813 | AQ533: 59592 | AR533: 49118 | AS533: 43323 | AT533: 34905 | AU533: 30105 | AV533: 25008 | AW533: 20295 | AX533: 16426 | AY533: 11972 | AZ533: 9359 | BA533: 6406 | BB533: 5064 | BC533: 4097 | BD533: 2914 | BE533: 1664 | BF533: 1228
A534: NASARAWA | B534: Nasarawa | C534: NG026009 | D534: =COUNTIF(C:C,C534) -> 1 | E534: 117093 | F534: 121884 | G534: 238977 | H534: 22016 | I534: 17158 | J534: 14341 | K534: 12637 | L534: 10502 | M534: 8822 | N534: 7390 | O534: 5741 | P534: 4833 | Q534: 3442 | R534: 2795 | S534: 2175 | T534: 1852 | U534: 1289 | V534: 924 | W534: 735 | X534: 441 | Y534: 22600 | Z534: 17874 | AA534: 15075 | AB534: 13138 | AC534: 10795 | AD534: 8973 | AE534: 7577 | AF534: 6254 | AG534: 5279 | AH534: 4012 | AI534: 3123 | AJ534: 2226 | AK534: 1559 | AL534: 1408 | AM534: 964 | AN534: 608 | AO534: 419 | AP534: 44616 | AQ534: 35032 | AR534: 29416 | AS534: 25775 | AT534: 21297 | AU534: 17795 | AV534: 14967 | AW534: 11995 | AX534: 10112 | AY534: 7454 | AZ534: 5918 | BA534: 4401 | BB534: 3411 | BC534: 2697 | BD534: 1888 | BE534: 1343 | BF534: 860
A535: NASARAWA | B535: Nasarawa-Eggon | C535: =VLOOKUP(B535,'Cross river Land'!A:B,2,0) -> NG026010 | D535: =COUNTIF(C:C,C535) -> 1 | E535: 130214 | F535: 132018 | G535: 262232 | H535: 24834 | I535: 19194 | J535: 15819 | K535: 13808 | L535: 11369 | M535: 9782 | N535: 7977 | O535: 6337 | P535: 5296 | Q535: 3845 | R535: 3236 | S535: 2445 | T535: 1872 | U535: 1699 | V535: 1256 | W535: 984 | X535: 461 | Y535: 25354 | Z535: 19766 | AA535: 16537 | AB535: 14400 | AC535: 10789 | AD535: 9335 | AE535: 8103 | AF535: 7011 | AG535: 5547 | AH535: 4312 | AI535: 3200 | AJ535: 2494 | AK535: 1781 | AL535: 1298 | AM535: 991 | AN535: 613 | AO535: 487 | AP535: 50188 | AQ535: 38960 | AR535: 32356 | AS535: 28208 | AT535: 22158 | AU535: 19117 | AV535: 16080 | AW535: 13348 | AX535: 10843 | AY535: 8157 | AZ535: 6436 | BA535: 4939 | BB535: 3653 | BC535: 2997 | BD535: 2247 | BE535: 1597 | BF535: 948
A536: NASARAWA | B536: Obi | C536: NG026011 | D536: =COUNTIF(C:C,C536) -> 1 | E536: 95217 | F536: 96172 | G536: 191389 | H536: 18418 | I536: 14146 | J536: 11814 | K536: 10640 | L536: 8401 | M536: 6932 | N536: 5575 | O536: 4505 | P536: 3678 | Q536: 2763 | R536: 2274 | S536: 1765 | T536: 1558 | U536: 1247 | V536: 736 | W536: 390 | X536: 375 | Y536: 18868 | Z536: 14586 | AA536: 12948 | AB536: 11242 | AC536: 7584 | AD536: 6362 | AE536: 5614 | AF536: 4685 | AG536: 3865 | AH536: 2958 | AI536: 2371 | AJ536: 1493 | AK536: 1224 | AL536: 852 | AM536: 711 | AN536: 459 | AO536: 350 | AP536: 37286 | AQ536: 28732 | AR536: 24762 | AS536: 21882 | AT536: 15985 | AU536: 13294 | AV536: 11189 | AW536: 9190 | AX536: 7543 | AY536: 5721 | AZ536: 4645 | BA536: 3258 | BB536: 2782 | BC536: 2099 | BD536: 1447 | BE536: 849 | BF536: 725
A537: NASARAWA | B537: TOTO | C537: =VLOOKUP(B537,'Cross river Land'!A:B,2,0) -> NG026012 | D537: =COUNTIF(C:C,C537) -> 1 | E537: 68344 | F537: 69571 | G537: 137915 | H537: 13403 | I537: 10077 | J537: 8232 | K537: 7244 | L537: 5822 | M537: 5069 | N537: 4123 | O537: 3371 | P537: 2771 | Q537: 2062 | R537: 1661 | S537: 1322 | T537: 945 | U537: 923 | V537: 518 | W537: 514 | X537: 287 | Y537: 13923 | Z537: 10585 | AA537: 8665 | AB537: 7416 | AC537: 5590 | AD537: 4714 | AE537: 4110 | AF537: 3632 | AG537: 2883 | AH537: 2246 | AI537: 1677 | AJ537: 1311 | AK537: 906 | AL537: 797 | AM537: 533 | AN537: 351 | AO537: 232 | AP537: 27326 | AQ537: 20662 | AR537: 16897 | AS537: 14660 | AT537: 11412 | AU537: 9783 | AV537: 8233 | AW537: 7003 | AX537: 5654 | AY537: 4308 | AZ537: 3338 | BA537: 2633 | BB537: 1851 | BC537: 1720 | BD537: 1051 | BE537: 865 | BF537: 519
A538: NASARAWA | B538: WAMBA | C538: =VLOOKUP(B538,'Cross river Land'!A:B,2,0) -> NG026013 | D538: =COUNTIF(C:C,C538) -> 1 | E538: 53431 | F538: 54849 | G538: 108280 | H538: 10354 | I538: 7810 | J538: 6409 | K538: 5589 | L538: 4398 | M538: 3974 | N538: 3208 | O538: 2624 | P538: 2170 | Q538: 1653 | R538: 1253 | S538: 1262 | T538: 840 | U538: 870 | V538: 433 | W538: 370 | X538: 214 | Y538: 10692 | Z538: 8197 | AA538: 6676 | AB538: 5745 | AC538: 4528 | AD538: 3882 | AE538: 3417 | AF538: 2954 | AG538: 2314 | AH538: 1834 | AI538: 1317 | AJ538: 1041 | AK538: 680 | AL538: 688 | AM538: 397 | AN538: 257 | AO538: 230 | AP538: 21046 | AQ538: 16007 | AR538: 13085 | AS538: 11334 | AT538: 8926 | AU538: 7856 | AV538: 6625 | AW538: 5578 | AX538: 4484 | AY538: 3487 | AZ538: 2570 | BA538: 2303 | BB538: 1520 | BC538: 1558 | BD538: 830 | BE538: 627 | BF538: 444
A539: NIGER | B539: AGAIE | C539: =VLOOKUP(B539,'Cross river Land'!A:B,2,0) -> NG027001 | D539: =COUNTIF(C:C,C539) -> 1 | E539: 93984 | F539: 96222 | G539: 190206 | H539: 18783 | I539: 14080 | J539: 11378 | K539: 9906 | L539: 7984 | M539: 6882 | N539: 5761 | O539: 4581 | P539: 3795 | Q539: 2713 | R539: 2310 | S539: 1728 | T539: 1485 | U539: 1208 | V539: 668 | W539: 468 | X539: 254 | Y539: 19839 | Z539: 14859 | AA539: 12062 | AB539: 9775 | AC539: 7332 | AD539: 6497 | AE539: 5811 | AF539: 5068 | AG539: 4058 | AH539: 3112 | AI539: 2530 | AJ539: 1454 | AK539: 1501 | AL539: 909 | AM539: 756 | AN539: 379 | AO539: 280 | AP539: 38622 | AQ539: 28939 | AR539: 23440 | AS539: 19681 | AT539: 15316 | AU539: 13379 | AV539: 11572 | AW539: 9649 | AX539: 7853 | AY539: 5825 | AZ539: 4840 | BA539: 3182 | BB539: 2986 | BC539: 2117 | BD539: 1424 | BE539: 847 | BF539: 534
A540: NIGER | B540: AGWARA | C540: =VLOOKUP(B540,'Cross river Land'!A:B,2,0) -> NG027002 | D540: =COUNTIF(C:C,C540) -> 1 | E540: 35897 | F540: 37760 | G540: 73657 | H540: 7664 | I540: 5752 | J540: 4067 | K540: 3503 | L540: 3142 | M540: 2586 | N540: 2086 | O540: 1793 | P540: 1329 | Q540: 994 | R540: 756 | S540: 723 | T540: 456 | U540: 390 | V540: 322 | W540: 181 | X540: 153 | Y540: 8013 | Z540: 5965 | AA540: 4230 | AB540: 3788 | AC540: 2803 | AD540: 2660 | AE540: 2343 | AF540: 2010 | AG540: 1599 | AH540: 1227 | AI540: 932 | AJ540: 641 | AK540: 495 | AL540: 416 | AM540: 333 | AN540: 186 | AO540: 119 | AP540: 15677 | AQ540: 11717 | AR540: 8297 | AS540: 7291 | AT540: 5945 | AU540: 5246 | AV540: 4429 | AW540: 3803 | AX540: 2928 | AY540: 2221 | AZ540: 1688 | BA540: 1364 | BB540: 951 | BC540: 806 | BD540: 655 | BE540: 367 | BF540: 272
A541: NIGER | B541: BIDA | C541: =VLOOKUP(B541,'Cross river Land'!A:B,2,0) -> NG027003 | D541: =COUNTIF(C:C,C541) -> 1 | E541: 140672 | F541: 145818 | G541: 286490 | H541: 26164 | I541: 20590 | J541: 17595 | K541: 16182 | L541: 13664 | M541: 11427 | N541: 8556 | O541: 7029 | P541: 5349 | Q541: 3985 | R541: 3005 | S541: 2398 | T541: 1708 | U541: 1335 | V541: 794 | W541: 518 | X541: 373 | Y541: 28434 | Z541: 22332 | AA541: 17856 | AB541: 15479 | AC541: 12295 | AD541: 10694 | AE541: 9051 | AF541: 7729 | AG541: 6268 | AH541: 4749 | AI541: 3326 | AJ541: 2529 | AK541: 1883 | AL541: 1419 | AM541: 902 | AN541: 568 | AO541: 304 | AP541: 54598 | AQ541: 42922 | AR541: 35451 | AS541: 31661 | AT541: 25959 | AU541: 22121 | AV541: 17607 | AW541: 14758 | AX541: 11617 | AY541: 8734 | AZ541: 6331 | BA541: 4927 | BB541: 3591 | BC541: 2754 | BD541: 1696 | BE541: 1086 | BF541: 677
A542: NIGER | B542: BORGU | C542: =VLOOKUP(B542,'Cross river Land'!A:B,2,0) -> NG027004 | D542: =COUNTIF(C:C,C542) -> 1 | E542: 116153 | F542: 119777 | G542: 235930 | H542: 22714 | I542: 18202 | J542: 14070 | K542: 12169 | L542: 10382 | M542: 8739 | N542: 7162 | O542: 5549 | P542: 4659 | Q542: 3294 | R542: 2839 | S542: 1875 | T542: 1595 | U542: 1184 | V542: 852 | W542: 498 | X542: 370 | Y542: 23364 | Z542: 18282 | AA542: 14224 | AB542: 11726 | AC542: 8819 | AD542: 8513 | AE542: 7762 | AF542: 6857 | AG542: 5395 | AH542: 4099 | AI542: 3252 | AJ542: 2433 | AK542: 1947 | AL542: 1248 | AM542: 978 | AN542: 502 | AO542: 376 | AP542: 46078 | AQ542: 36484 | AR542: 28294 | AS542: 23895 | AT542: 19201 | AU542: 17252 | AV542: 14924 | AW542: 12406 | AX542: 10054 | AY542: 7393 | AZ542: 6091 | BA542: 4308 | BB542: 3542 | BC542: 2432 | BD542: 1830 | BE542: 1000 | BF542: 746
A543: NIGER | B543: BOSSO | C543: =VLOOKUP(B543,'Cross river Land'!A:B,2,0) -> NG027005 | D543: =COUNTIF(C:C,C543) -> 1 | E543: 108472 | F543: 113129 | G543: 221601 | H543: 20664 | I543: 16457 | J543: 13737 | K543: 12462 | L543: 10045 | M543: 8542 | N543: 6739 | O543: 5077 | P543: 4054 | Q543: 3048 | R543: 2206 | S543: 1634 | T543: 1132 | U543: 920 | V543: 735 | W543: 566 | X543: 454 | Y543: 20823 | Z543: 16112 | AA543: 13894 | AB543: 12188 | AC543: 10365 | AD543: 9028 | AE543: 7040 | AF543: 6445 | AG543: 4504 | AH543: 3911 | AI543: 2765 | AJ543: 2321 | AK543: 1187 | AL543: 1111 | AM543: 553 | AN543: 475 | AO543: 407 | AP543: 41487 | AQ543: 32569 | AR543: 27631 | AS543: 24650 | AT543: 20410 | AU543: 17570 | AV543: 13779 | AW543: 11522 | AX543: 8558 | AY543: 6959 | AZ543: 4971 | BA543: 3955 | BB543: 2319 | BC543: 2031 | BD543: 1288 | BE543: 1041 | BF543: 861
A544: NIGER | B544: CHANCHAGA | C544: =VLOOKUP(B544,'Cross river Land'!A:B,2,0) -> NG027006 | D544: =COUNTIF(C:C,C544) -> 1 | E544: 117278 | F544: 130277 | G544: 247555 | H544: 20052 | I544: 16806 | J544: 16268 | K544: 13059 | L544: 11068 | M544: 9785 | N544: 7555 | O544: 6365 | P544: 4822 | Q544: 3524 | R544: 2433 | S544: 1914 | T544: 1199 | U544: 1057 | V544: 607 | W544: 438 | X544: 326 | Y544: 19833 | Z544: 16274 | AA544: 15846 | AB544: 14497 | AC544: 13653 | AD544: 12015 | AE544: 9218 | AF544: 8639 | AG544: 5721 | AH544: 5209 | AI544: 3067 | AJ544: 2866 | AK544: 1304 | AL544: 1081 | AM544: 496 | AN544: 359 | AO544: 199 | AP544: 39885 | AQ544: 33080 | AR544: 32114 | AS544: 27556 | AT544: 24721 | AU544: 21800 | AV544: 16773 | AW544: 15004 | AX544: 10543 | AY544: 8733 | AZ544: 5500 | BA544: 4780 | BB544: 2503 | BC544: 2138 | BD544: 1103 | BE544: 797 | BF544: 525
A545: NIGER | B545: EDATI | C545: =VLOOKUP(B545,'Cross river Land'!A:B,2,0) -> NG027007 | D545: =COUNTIF(C:C,C545) -> 1 | E545: 120007 | F545: 122254 | G545: 242261 | H545: 24282 | I545: 17774 | J545: 14211 | K545: 12062 | L545: 9779 | M545: 8871 | N545: 7354 | O545: 6076 | P545: 4912 | Q545: 3712 | R545: 2987 | S545: 2534 | T545: 2071 | U545: 1461 | V545: 931 | W545: 644 | X545: 346 | Y545: 25318 | Z545: 18668 | AA545: 14953 | AB545: 12431 | AC545: 9557 | AD545: 8170 | AE545: 7280 | AF545: 6344 | AG545: 5161 | AH545: 4071 | AI545: 3163 | AJ545: 2245 | AK545: 1600 | AL545: 1247 | AM545: 970 | AN545: 586 | AO545: 490 | AP545: 49600 | AQ545: 36442 | AR545: 29164 | AS545: 24493 | AT545: 19336 | AU545: 17041 | AV545: 14634 | AW545: 12420 | AX545: 10073 | AY545: 7783 | AZ545: 6150 | BA545: 4779 | BB545: 3671 | BC545: 2708 | BD545: 1901 | BE545: 1230 | BF545: 836
A546: NIGER | B546: GBAKO | C546: =VLOOKUP(B546,'Cross river Land'!A:B,2,0) -> NG027008 | D546: =COUNTIF(C:C,C546) -> 1 | E546: 78288 | F546: 79706 | G546: 157994 | H546: 15405 | I546: 12359 | J546: 9130 | K546: 7862 | L546: 6904 | M546: 6073 | N546: 4974 | O546: 3837 | P546: 3125 | Q546: 2246 | R546: 1917 | S546: 1211 | T546: 1284 | U546: 868 | V546: 539 | W546: 335 | X546: 219 | Y546: 16323 | Z546: 13137 | AA546: 10049 | AB546: 7673 | AC546: 5636 | AD546: 5390 | AE546: 4982 | AF546: 4225 | AG546: 3420 | AH546: 2497 | AI546: 2194 | AJ546: 1125 | AK546: 1239 | AL546: 595 | AM546: 666 | AN546: 228 | AO546: 327 | AP546: 31728 | AQ546: 25496 | AR546: 19179 | AS546: 15535 | AT546: 12540 | AU546: 11463 | AV546: 9956 | AW546: 8062 | AX546: 6545 | AY546: 4743 | AZ546: 4111 | BA546: 2336 | BB546: 2523 | BC546: 1463 | BD546: 1205 | BE546: 563 | BF546: 546
A547: NIGER | B547: GURARA | C547: =VLOOKUP(B547,'Cross river Land'!A:B,2,0) -> NG027009 | D547: =COUNTIF(C:C,C547) -> 1 | E547: 73704 | F547: 73397 | G547: 147101 | H547: 14090 | I547: 11349 | J547: 8872 | K547: 8426 | L547: 6878 | M547: 5834 | N547: 4473 | O547: 3330 | P547: 2624 | Q547: 1996 | R547: 1511 | S547: 1247 | T547: 1050 | U547: 771 | V547: 548 | W547: 375 | X547: 330 | Y547: 14204 | Z547: 11889 | AA547: 8952 | AB547: 7225 | AC547: 5515 | AD547: 5445 | AE547: 4890 | AF547: 4107 | AG547: 3045 | AH547: 2277 | AI547: 1818 | AJ547: 1159 | AK547: 931 | AL547: 688 | AM547: 583 | AN547: 350 | AO547: 319 | AP547: 28294 | AQ547: 23238 | AR547: 17824 | AS547: 15651 | AT547: 12393 | AU547: 11279 | AV547: 9363 | AW547: 7437 | AX547: 5669 | AY547: 4273 | AZ547: 3329 | BA547: 2406 | BB547: 1981 | BC547: 1459 | BD547: 1131 | BE547: 725 | BF547: 649
A548: NIGER | B548: KATCHA | C548: =VLOOKUP(B548,'Cross river Land'!A:B,2,0) -> NG027010 | D548: =COUNTIF(C:C,C548) -> 1 | E548: 92938 | F548: 93720 | G548: 186658 | H548: 18187 | I548: 14690 | J548: 10782 | K548: 9621 | L548: 8313 | M548: 7234 | N548: 5833 | O548: 4544 | P548: 3688 | Q548: 2593 | R548: 2128 | S548: 1707 | T548: 1381 | U548: 902 | V548: 678 | W548: 383 | X548: 274 | Y548: 18712 | Z548: 15386 | AA548: 11598 | AB548: 9221 | AC548: 6859 | AD548: 6513 | AE548: 5717 | AF548: 4911 | AG548: 4026 | AH548: 2946 | AI548: 2561 | AJ548: 1283 | AK548: 1466 | AL548: 979 | AM548: 796 | AN548: 394 | AO548: 352 | AP548: 36899 | AQ548: 30076 | AR548: 22380 | AS548: 18842 | AT548: 15172 | AU548: 13747 | AV548: 11550 | AW548: 9455 | AX548: 7714 | AY548: 5539 | AZ548: 4689 | BA548: 2990 | BB548: 2847 | BC548: 1881 | BD548: 1474 | BE548: 777 | BF548: 626
... A616: OSUN | B616: IFEDAYO | C616: =VLOOKUP(B616,'Cross river Land'!A:B,2,0) -> NG030015 | D616: =COUNTIF(C:C,C616) -> 1 | E616: 24449 | F616: 25252 | G616: 49701 | H616: 2787 | I616: 3057 | J616: 3205 | K616: 2699 | L616: 2090 | M616: 1798 | N616: 1630 | O616: 1679 | P616: 1251 | Q616: 1223 | R616: 750 | S616: 841 | T616: 629 | U616: 264 | V616: 206 | W616: 298 | X616: 42 | Y616: 2884 | Z616: 3245 | AA616: 3554 | AB616: 3094 | AC616: 2285 | AD616: 1864 | AE616: 1515 | AF616: 1437 | AG616: 1262 | AH616: 1024 | AI616: 943 | AJ616: 650 | AK616: 571 | AL616: 369 | AM616: 270 | AN616: 125 | AO616: 160 | AP616: 5671 | AQ616: 6302 | AR616: 6759 | AS616: 5793 | AT616: 4375 | AU616: 3662 | AV616: 3145 | AW616: 3116 | AX616: 2513 | AY616: 2247 | AZ616: 1693 | BA616: 1491 | BB616: 1200 | BC616: 633 | BD616: 476 | BE616: 423 | BF616: 202
A617: OSUN | B617: IFELODUN | C617: NG030016 | D617: =COUNTIF(C:C,C617) -> 1 | E617: 52718 | F617: 53215 | G617: 105933 | H617: 6143 | I617: 6591 | J617: 6986 | K617: 6046 | L617: 4464 | M617: 3881 | N617: 3380 | O617: 3449 | P617: 2716 | Q617: 2367 | R617: 1698 | S617: 1704 | T617: 1234 | U617: 935 | V617: 548 | W617: 334 | X617: 242 | Y617: 6437 | Z617: 6976 | AA617: 7282 | AB617: 6525 | AC617: 5159 | AD617: 3892 | AE617: 3150 | AF617: 2827 | AG617: 2626 | AH617: 2337 | AI617: 1742 | AJ617: 1365 | AK617: 911 | AL617: 947 | AM617: 519 | AN617: 330 | AO617: 190 | AP617: 12580 | AQ617: 13567 | AR617: 14268 | AS617: 12571 | AT617: 9623 | AU617: 7773 | AV617: 6530 | AW617: 6276 | AX617: 5342 | AY617: 4704 | AZ617: 3440 | BA617: 3069 | BB617: 2145 | BC617: 1882 | BD617: 1067 | BE617: 664 | BF617: 432
A618: OSUN | B618: ILA | C618: =VLOOKUP(B618,'Cross river Land'!A:B,2,0) -> NG030017 | D618: =COUNTIF(C:C,C618) -> 1 | E618: 40011 | F618: 40908 | G618: 80919 | H618: 4784 | I618: 4957 | J618: 4938 | K618: 4402 | L618: 3506 | M618: 3036 | N618: 2566 | O618: 2572 | P618: 1969 | Q618: 1926 | R618: 1213 | S618: 1616 | T618: 922 | U618: 582 | V618: 445 | W618: 315 | X618: 262 | Y618: 5082 | Z618: 5240 | AA618: 5228 | AB618: 4858 | AC618: 4159 | AD618: 3134 | AE618: 2418 | AF618: 2054 | AG618: 2049 | AH618: 1777 | AI618: 1363 | AJ618: 1162 | AK618: 678 | AL618: 766 | AM618: 537 | AN618: 202 | AO618: 201 | AP618: 9866 | AQ618: 10197 | AR618: 10166 | AS618: 9260 | AT618: 7665 | AU618: 6170 | AV618: 4984 | AW618: 4626 | AX618: 4018 | AY618: 3703 | AZ618: 2576 | BA618: 2778 | BB618: 1600 | BC618: 1348 | BD618: 982 | BE618: 517 | BF618: 463
A619: OSUN | B619: Ilesha East | C619: =VLOOKUP(B619,'Cross river Land'!A:B,2,0) -> NG030018 | D619: =COUNTIF(C:C,C619) -> 1 | E619: 70091 | F619: 69731 | G619: 139822 | H619: 7856 | I619: 8293 | J619: 8871 | K619: 7759 | L619: 6294 | M619: 5058 | N619: 4350 | O619: 4244 | P619: 3500 | Q619: 3340 | R619: 2363 | S619: 2447 | T619: 1657 | U619: 1658 | V619: 1180 | W619: 702 | X619: 519 | Y619: 8049 | Z619: 8370 | AA619: 8968 | AB619: 8559 | AC619: 7393 | AD619: 5556 | AE619: 4342 | AF619: 3806 | AG619: 3377 | AH619: 2988 | AI619: 2272 | AJ619: 1925 | AK619: 1248 | AL619: 1298 | AM619: 764 | AN619: 595 | AO619: 221 | AP619: 15905 | AQ619: 16663 | AR619: 17839 | AS619: 16318 | AT619: 13687 | AU619: 10614 | AV619: 8692 | AW619: 8050 | AX619: 6877 | AY619: 6328 | AZ619: 4635 | BA619: 4372 | BB619: 2905 | BC619: 2956 | BD619: 1944 | BE619: 1297 | BF619: 740
A620: OSUN | B620: Ilesha West | C620: =VLOOKUP(B620,'Cross river Land'!A:B,2,0) -> NG030019 | D620: =COUNTIF(C:C,C620) -> 1 | E620: 71708 | F620: 69962 | G620: 141670 | H620: 7755 | I620: 8153 | J620: 8982 | K620: 8041 | L620: 6252 | M620: 5233 | N620: 4289 | O620: 4468 | P620: 3725 | Q620: 3432 | R620: 2581 | S620: 2570 | T620: 1787 | U620: 1740 | V620: 1208 | W620: 885 | X620: 607 | Y620: 8270 | Z620: 8476 | AA620: 8900 | AB620: 8499 | AC620: 7244 | AD620: 5534 | AE620: 4369 | AF620: 3739 | AG620: 3465 | AH620: 3016 | AI620: 2244 | AJ620: 1934 | AK620: 1254 | AL620: 1411 | AM620: 760 | AN620: 568 | AO620: 279 | AP620: 16025 | AQ620: 16629 | AR620: 17882 | AS620: 16540 | AT620: 13496 | AU620: 10767 | AV620: 8658 | AW620: 8207 | AX620: 7190 | AY620: 6448 | AZ620: 4825 | BA620: 4504 | BB620: 3041 | BC620: 3151 | BD620: 1968 | BE620: 1453 | BF620: 886
A621: OSUN | B621: IREPODUN | C621: NG030020 | D621: =COUNTIF(C:C,C621) -> 1 | E621: 74692 | F621: 76396 | G621: 151088 | H621: 8749 | I621: 9383 | J621: 9720 | K621: 8642 | L621: 6703 | M621: 5767 | N621: 4783 | O621: 5036 | P621: 3984 | Q621: 3531 | R621: 2403 | S621: 2431 | T621: 1494 | U621: 1009 | V621: 563 | W621: 380 | X621: 114 | Y621: 8983 | Z621: 9744 | AA621: 9944 | AB621: 9718 | AC621: 8187 | AD621: 6411 | AE621: 4053 | AF621: 3847 | AG621: 3835 | AH621: 3319 | AI621: 2824 | AJ621: 1796 | AK621: 1409 | AL621: 1239 | AM621: 591 | AN621: 310 | AO621: 186 | AP621: 17732 | AQ621: 19127 | AR621: 19664 | AS621: 18360 | AT621: 14890 | AU621: 12178 | AV621: 8836 | AW621: 8883 | AX621: 7819 | AY621: 6850 | AZ621: 5227 | BA621: 4227 | BB621: 2903 | BC621: 2248 | BD621: 1154 | BE621: 690 | BF621: 300
A622: OSUN | B622: IREWOLE | C622: =VLOOKUP(B622,'Cross river Land'!A:B,2,0) -> NG030021 | D622: =COUNTIF(C:C,C622) -> 1 | E622: 113112 | F622: 112804 | G622: 225916 | H622: 13283 | I622: 14031 | J622: 14124 | K622: 12599 | L622: 9360 | M622: 8160 | N622: 7094 | O622: 7078 | P622: 6076 | Q622: 5582 | R622: 4140 | S622: 3848 | T622: 3035 | U622: 2096 | V622: 1431 | W622: 678 | X622: 497 | Y622: 13430 | Z622: 14825 | AA622: 14871 | AB622: 14145 | AC622: 10937 | AD622: 8289 | AE622: 6662 | AF622: 5769 | AG622: 5549 | AH622: 4736 | AI622: 3984 | AJ622: 2795 | AK622: 2354 | AL622: 1929 | AM622: 1433 | AN622: 640 | AO622: 456 | AP622: 26713 | AQ622: 28856 | AR622: 28995 | AS622: 26744 | AT622: 20297 | AU622: 16449 | AV622: 13756 | AW622: 12847 | AX622: 11625 | AY622: 10318 | AZ622: 8124 | BA622: 6643 | BB622: 5389 | BC622: 4025 | BD622: 2864 | BE622: 1318 | BF622: 953
A623: OSUN | B623: ISOKAN | C623: =VLOOKUP(B623,'Cross river Land'!A:B,2,0) -> NG030022 | D623: =COUNTIF(C:C,C623) -> 1 | E623: 80614 | F623: 80843 | G623: 161457 | H623: 9504 | I623: 10156 | J623: 10238 | K623: 8963 | L623: 6800 | M623: 6001 | N623: 5300 | O623: 5197 | P623: 4256 | Q623: 3894 | R623: 2806 | S623: 2539 | T623: 1873 | U623: 1344 | V623: 907 | W623: 480 | X623: 356 | Y623: 9920 | Z623: 10792 | AA623: 10615 | AB623: 9946 | AC623: 7536 | AD623: 5924 | AE623: 4859 | AF623: 4295 | AG623: 4138 | AH623: 3497 | AI623: 2909 | AJ623: 2004 | AK623: 1727 | AL623: 1129 | AM623: 721 | AN623: 506 | AO623: 325 | AP623: 19424 | AQ623: 20948 | AR623: 20853 | AS623: 18909 | AT623: 14336 | AU623: 11925 | AV623: 10159 | AW623: 9492 | AX623: 8394 | AY623: 7391 | AZ623: 5715 | BA623: 4543 | BB623: 3600 | BC623: 2473 | BD623: 1628 | BE623: 986 | BF623: 681
A624: OSUN | B624: IWO | C624: =VLOOKUP(B624,'Cross river Land'!A:B,2,0) -> NG030023 | D624: =COUNTIF(C:C,C624) -> 1 | E624: 150895 | F624: 151690 | G624: 302585 | H624: 17424 | I624: 18492 | J624: 20338 | K624: 17305 | L624: 12572 | M624: 10640 | N624: 9612 | O624: 9714 | P624: 7865 | Q624: 7239 | R624: 4956 | S624: 5140 | T624: 3600 | U624: 2736 | V624: 1698 | W624: 886 | X624: 678 | Y624: 18401 | Z624: 19717 | AA624: 20655 | AB624: 18627 | AC624: 14784 | AD624: 10907 | AE624: 8945 | AF624: 8064 | AG624: 7420 | AH624: 6598 | AI624: 5490 | AJ624: 3563 | AK624: 2964 | AL624: 2625 | AM624: 1527 | AN624: 831 | AO624: 572 | AP624: 35825 | AQ624: 38209 | AR624: 40993 | AS624: 35932 | AT624: 27356 | AU624: 21547 | AV624: 18557 | AW624: 17778 | AX624: 15285 | AY624: 13837 | AZ624: 10446 | BA624: 8703 | BB624: 6564 | BC624: 5361 | BD624: 3225 | BE624: 1717 | BF624: 1250
A625: OSUN | B625: OBOKUN | C625: =VLOOKUP(B625,'Cross river Land'!A:B,2,0) -> NG030024 | D625: =COUNTIF(C:C,C625) -> 1 | E625: 95641 | F625: 98607 | G625: 194248 | H625: 10628 | I625: 11557 | J625: 12486 | K625: 11239 | L625: 8518 | M625: 6962 | N625: 5975 | O625: 6159 | P625: 4684 | Q625: 4517 | R625: 2901 | S625: 3697 | T625: 2442 | U625: 1520 | V625: 1308 | W625: 707 | X625: 341 | Y625: 11499 | Z625: 12426 | AA625: 13121 | AB625: 12272 | AC625: 10496 | AD625: 7414 | AE625: 5649 | AF625: 5022 | AG625: 4835 | AH625: 4284 | AI625: 3290 | AJ625: 2675 | AK625: 2188 | AL625: 1613 | AM625: 908 | AN625: 600 | AO625: 315 | AP625: 22127 | AQ625: 23983 | AR625: 25607 | AS625: 23511 | AT625: 19014 | AU625: 14376 | AV625: 11624 | AW625: 11181 | AX625: 9519 | AY625: 8801 | AZ625: 6191 | BA625: 6372 | BB625: 4630 | BC625: 3133 | BD625: 2216 | BE625: 1307 | BF625: 656
A626: OSUN | B626: Odo-Otin | C626: =VLOOKUP(B626,'Cross river Land'!A:B,2,0) -> NG030025 | D626: =COUNTIF(C:C,C626) -> 1 | E626: 89925 | F626: 94742 | G626: 184667 | H626: 10718 | I626: 11536 | J626: 12189 | K626: 10609 | L626: 7468 | M626: 6502 | N626: 5785 | O626: 6182 | P626: 4610 | Q626: 3987 | R626: 2453 | S626: 3501 | T626: 1801 | U626: 1554 | V626: 590 | W626: 240 | X626: 200 | Y626: 11557 | Z626: 12899 | AA626: 13054 | AB626: 11445 | AC626: 8530 | AD626: 7190 | AE626: 5398 | AF626: 5479 | AG626: 5052 | AH626: 3756 | AI626: 3016 | AJ626: 2809 | AK626: 1618 | AL626: 1465 | AM626: 881 | AN626: 370 | AO626: 223 | AP626: 22275 | AQ626: 24435 | AR626: 25243 | AS626: 22054 | AT626: 15998 | AU626: 13692 | AV626: 11183 | AW626: 11661 | AX626: 9662 | AY626: 7743 | AZ626: 5469 | BA626: 6310 | BB626: 3419 | BC626: 3019 | BD626: 1471 | BE626: 610 | BF626: 423
A627: OSUN | B627: Ola-oluwa | C627: =VLOOKUP(B627,'Cross river Land'!A:B,2,0) -> NG030026 | D627: =COUNTIF(C:C,C627) -> 1 | E627: 62673 | F627: 65589 | G627: 128262 | H627: 7260 | I627: 7820 | J627: 7970 | K627: 7275 | L627: 5070 | M627: 4369 | N627: 4111 | O627: 4357 | P627: 3453 | Q627: 3256 | R627: 1767 | S627: 2880 | T627: 1157 | U627: 806 | V627: 408 | W627: 530 | X627: 184 | Y627: 7724 | Z627: 8265 | AA627: 8772 | AB627: 8122 | AC627: 6364 | AD627: 4738 | AE627: 3797 | AF627: 3500 | AG627: 3400 | AH627: 2956 | AI627: 2381 | AJ627: 1782 | AK627: 1701 | AL627: 1097 | AM627: 457 | AN627: 313 | AO627: 220 | AP627: 14984 | AQ627: 16085 | AR627: 16742 | AS627: 15397 | AT627: 11434 | AU627: 9107 | AV627: 7908 | AW627: 7857 | AX627: 6853 | AY627: 6212 | AZ627: 4148 | BA627: 4662 | BB627: 2858 | BC627: 1903 | BD627: 865 | BE627: 843 | BF627: 404
A628: OSUN | B628: OLORUNDA | C628: =VLOOKUP(B628,'Cross river Land'!A:B,2,0) -> NG030027 | D628: =COUNTIF(C:C,C628) -> 1 | E628: 89564 | F628: 91643 | G628: 181207 | H628: 10694 | I628: 10988 | J628: 11283 | K628: 10154 | L628: 7744 | M628: 6705 | N628: 5765 | O628: 5813 | P628: 4626 | Q628: 4144 | R628: 2881 | S628: 3062 | T628: 1569 | U628: 1951 | V628: 893 | W628: 818 | X628: 474 | Y628: 11286 | Z628: 11916 | AA628: 11983 | AB628: 11190 | AC628: 9086 | AD628: 6858 | AE628: 5434 | AF628: 4979 | AG628: 4475 | AH628: 3902 | AI628: 2805 | AJ628: 2745 | AK628: 1639 | AL628: 1608 | AM628: 756 | AN628: 696 | AO628: 285 | AP628: 21980 | AQ628: 22904 | AR628: 23266 | AS628: 21344 | AT628: 16830 | AU628: 13563 | AV628: 11199 | AW628: 10792 | AX628: 9101 | AY628: 8046 | AZ628: 5686 | BA628: 5807 | BB628: 3208 | BC628: 3559 | BD628: 1649 | BE628: 1514 | BF628: 759
A629: OSUN | B629: ORIADE | C629: =VLOOKUP(B629,'Cross river Land'!A:B,2,0) -> NG030028 | D629: =COUNTIF(C:C,C629) -> 1 | E629: 117651 | F629: 119592 | G629: 237243 | H629: 13311 | I629: 14116 | J629: 15225 | K629: 13600 | L629: 10045 | M629: 8460 | N629: 7558 | O629: 7709 | P629: 6128 | Q629: 5717 | R629: 4459 | S629: 3326 | T629: 2184 | U629: 2637 | V629: 1495 | W629: 1222 | X629: 459 | Y629: 14138 | Z629: 15222 | AA629: 15944 | AB629: 15421 | AC629: 11811 | AD629: 8686 | AE629: 7016 | AF629: 6262 | AG629: 5944 | AH629: 5192 | AI629: 4227 | AJ629: 2978 | AK629: 2072 | AL629: 1946 | AM629: 1359 | AN629: 876 | AO629: 498 | AP629: 27449 | AQ629: 29338 | AR629: 31169 | AS629: 29021 | AT629: 21856 | AU629: 17146 | AV629: 14574 | AW629: 13971 | AX629: 12072 | AY629: 10909 | AZ629: 8686 | BA629: 6304 | BB629: 4256 | BC629: 4583 | BD629: 2854 | BE629: 2098 | BF629: 957
A630: OSUN | B630: OROLU | C630: =VLOOKUP(B630,'Cross river Land'!A:B,2,0) -> NG030029 | D630: =COUNTIF(C:C,C630) -> 1 | E630: 63516 | F630: 66400 | G630: 129916 | H630: 7671 | I630: 8079 | J630: 8153 | K630: 7271 | L630: 5205 | M630: 4759 | N630: 4071 | O630: 3926 | P630: 3415 | Q630: 3147 | R630: 2447 | S630: 1844 | T630: 1425 | U630: 1358 | V630: 433 | W630: 157 | X630: 155 | Y630: 8230 | Z630: 8761 | AA630: 8787 | AB630: 7772 | AC630: 6472 | AD630: 4862 | AE630: 3964 | AF630: 3629 | AG630: 3341 | AH630: 2762 | AI630: 2456 | AJ630: 1573 | AK630: 1751 | AL630: 835 | AM630: 643 | AN630: 367 | AO630: 195 | AP630: 15901 | AQ630: 16840 | AR630: 16940 | AS630: 15043 | AT630: 11677 | AU630: 9621 | AV630: 8035 | AW630: 7555 | AX630: 6756 | AY630: 5909 | AZ630: 4903 | BA630: 3417 | BB630: 3176 | BC630: 2193 | BD630: 1076 | BE630: 524 | BF630: 350
A631: OSUN | B631: OSOGBO | C631: =VLOOKUP(B631,'Cross river Land'!A:B,2,0) -> NG030030 | D631: =COUNTIF(C:C,C631) -> 1 | E631: 98265 | F631: 99862 | G631: 198127 | H631: 11722 | I631: 12002 | J631: 12522 | K631: 10986 | L631: 8551 | M631: 7524 | N631: 6454 | O631: 6346 | P631: 4956 | Q631: 4564 | R631: 3338 | S631: 3035 | T631: 2151 | U631: 1826 | V631: 1149 | W631: 656 | X631: 483 | Y631: 12469 | Z631: 12582 | AA631: 12799 | AB631: 12258 | AC631: 10007 | AD631: 7718 | AE631: 6157 | AF631: 5533 | AG631: 4885 | AH631: 4306 | AI631: 3178 | AJ631: 2827 | AK631: 1847 | AL631: 1762 | AM631: 800 | AN631: 442 | AO631: 292 | AP631: 24191 | AQ631: 24584 | AR631: 25321 | AS631: 23244 | AT631: 18558 | AU631: 15242 | AV631: 12611 | AW631: 11879 | AX631: 9841 | AY631: 8870 | AZ631: 6516 | BA631: 5862 | BB631: 3998 | BC631: 3588 | BD631: 1949 | BE631: 1098 | BF631: 775
A632: OYO | B632: AFIJIO | C632: =VLOOKUP(B632,'Cross river Land'!A:B,2,0) -> NG031001 | D632: =COUNTIF(C:C,C632) -> 1 | E632: 92066 | F632: 91838 | G632: 183904 | H632: 8681 | I632: 10443 | J632: 10986 | K632: 10474 | L632: 9151 | M632: 7337 | N632: 5680 | O632: 5812 | P632: 4382 | Q632: 4514 | R632: 3035 | S632: 3777 | T632: 2386 | U632: 2715 | V632: 1249 | W632: 951 | X632: 493 | Y632: 9009 | Z632: 10467 | AA632: 10887 | AB632: 11268 | AC632: 10194 | AD632: 7726 | AE632: 5790 | AF632: 5018 | AG632: 4810 | AH632: 3949 | AI632: 3142 | AJ632: 2691 | AK632: 2131 | AL632: 2226 | AM632: 1271 | AN632: 838 | AO632: 421 | AP632: 17690 | AQ632: 20910 | AR632: 21873 | AS632: 21742 | AT632: 19345 | AU632: 15063 | AV632: 11470 | AW632: 10830 | AX632: 9192 | AY632: 8463 | AZ632: 6177 | BA632: 6468 | BB632: 4517 | BC632: 4941 | BD632: 2520 | BE632: 1789 | BF632: 914
A633: OYO | B633: AKINYELE | C633: =VLOOKUP(B633,'Cross river Land'!A:B,2,0) -> NG031002 | D633: =COUNTIF(C:C,C633) -> 1 | E633: 140687 | F633: 138371 | G633: 279058 | H633: 18205 | I633: 17392 | J633: 16927 | K633: 13528 | L633: 11081 | M633: 10357 | N633: 9355 | O633: 8248 | P633: 7253 | Q633: 5992 | R633: 5190 | S633: 5189 | T633: 4026 | U633: 3445 | V633: 2222 | W633: 1388 | X633: 889 | Y633: 18635 | Z633: 17192 | AA633: 16770 | AB633: 14249 | AC633: 12171 | AD633: 10716 | AE633: 9609 | AF633: 8625 | AG633: 7065 | AH633: 6186 | AI633: 4446 | AJ633: 4211 | AK633: 2921 | AL633: 2659 | AM633: 1415 | AN633: 945 | AO633: 556 | AP633: 36840 | AQ633: 34584 | AR633: 33697 | AS633: 27777 | AT633: 23252 | AU633: 21073 | AV633: 18964 | AW633: 16873 | AX633: 14318 | AY633: 12178 | AZ633: 9636 | BA633: 9400 | BB633: 6947 | BC633: 6104 | BD633: 3637 | BE633: 2333 | BF633: 1445
... A663: OYO | B663: SAKI WEST | C663: =VLOOKUP(B663,'Cross river Land'!A:B,2,0) -> NG031032 | D663: =COUNTIF(C:C,C663) -> 1 | E663: 262936 | F663: 270775 | G663: 533711 | H663: 34213 | I663: 35040 | J663: 32971 | K663: 28371 | L663: 22633 | M663: 20519 | N663: 17999 | O663: 17281 | P663: 12966 | Q663: 11501 | R663: 7699 | S663: 7800 | T663: 4916 | U663: 4210 | V663: 2225 | W663: 1649 | X663: 943 | Y663: 35532 | Z663: 37638 | AA663: 35002 | AB663: 31162 | AC663: 25242 | AD663: 19952 | AE663: 17140 | AF663: 15968 | AG663: 13910 | AH663: 11397 | AI663: 8585 | AJ663: 6017 | AK663: 4884 | AL663: 3837 | AM663: 2148 | AN663: 1542 | AO663: 819 | AP663: 69745 | AQ663: 72678 | AR663: 67973 | AS663: 59533 | AT663: 47875 | AU663: 40471 | AV663: 35139 | AW663: 33249 | AX663: 26876 | AY663: 22898 | AZ663: 16284 | BA663: 13817 | BB663: 9800 | BC663: 8047 | BD663: 4373 | BE663: 3191 | BF663: 1762
A664: OYO | B664: Surulere | C664: NG031033 | D664: =COUNTIF(C:C,C664) -> 1 | E664: 131847 | F664: 135633 | G664: 267480 | H664: 15267 | I664: 16982 | J664: 17695 | K664: 15320 | L664: 10527 | M664: 9199 | N664: 8057 | O664: 8050 | P664: 6602 | Q664: 6250 | R664: 4576 | S664: 4389 | T664: 3151 | U664: 2789 | V664: 1679 | W664: 809 | X664: 505 | Y664: 15638 | Z664: 17980 | AA664: 18765 | AB664: 17362 | AC664: 12865 | AD664: 9971 | AE664: 8190 | AF664: 6967 | AG664: 6652 | AH664: 5509 | AI664: 4596 | AJ664: 3318 | AK664: 2883 | AL664: 2038 | AM664: 1614 | AN664: 753 | AO664: 532 | AP664: 30905 | AQ664: 34962 | AR664: 36460 | AS664: 32682 | AT664: 23392 | AU664: 19170 | AV664: 16247 | AW664: 15017 | AX664: 13254 | AY664: 11759 | AZ664: 9172 | BA664: 7707 | BB664: 6034 | BC664: 4827 | BD664: 3293 | BE664: 1562 | BF664: 1037
A665: PLATEAU | B665: Barikin Ladi | C665: =VLOOKUP(B665,'Cross river Land'!A:B,2,0) -> NG032001 | D665: =COUNTIF(C:C,C665) -> 1 | E665: 152009 | F665: 155687 | G665: 307696 | H665: 25003 | I665: 22764 | J665: 20386 | K665: 16863 | L665: 13396 | M665: 10698 | N665: 8520 | O665: 7305 | P665: 5688 | Q665: 4543 | R665: 3631 | S665: 3540 | T665: 2681 | U665: 2739 | V665: 2113 | W665: 1291 | X665: 848 | Y665: 25355 | Z665: 22403 | AA665: 20262 | AB665: 17593 | AC665: 14355 | AD665: 12281 | AE665: 10368 | AF665: 8782 | AG665: 6207 | AH665: 5235 | AI665: 3145 | AJ665: 3085 | AK665: 1636 | AL665: 2001 | AM665: 1270 | AN665: 1111 | AO665: 598 | AP665: 50358 | AQ665: 45167 | AR665: 40648 | AS665: 34456 | AT665: 27751 | AU665: 22979 | AV665: 18888 | AW665: 16087 | AX665: 11895 | AY665: 9778 | AZ665: 6776 | BA665: 6625 | BB665: 4317 | BC665: 4740 | BD665: 3383 | BE665: 2402 | BF665: 1446
A666: PLATEAU | B666: Bassa | C666: NG032002 | D666: =COUNTIF(C:C,C666) -> 1 | E666: 129178 | F666: 128976 | G666: 258154 | H666: 22402 | I666: 19180 | J666: 16264 | K666: 14187 | L666: 11128 | M666: 9171 | N666: 7343 | O666: 6264 | P666: 5123 | Q666: 4107 | R666: 3353 | S666: 2889 | T666: 2215 | U666: 2069 | V666: 1624 | W666: 1065 | X666: 794 | Y666: 22618 | Z666: 18800 | AA666: 16093 | AB666: 14407 | AC666: 10761 | AD666: 9627 | AE666: 8273 | AF666: 7120 | AG666: 5300 | AH666: 4483 | AI666: 2839 | AJ666: 2836 | AK666: 1686 | AL666: 1646 | AM666: 1064 | AN666: 890 | AO666: 533 | AP666: 45020 | AQ666: 37980 | AR666: 32357 | AS666: 28594 | AT666: 21889 | AU666: 18798 | AV666: 15616 | AW666: 13384 | AX666: 10423 | AY666: 8590 | AZ666: 6192 | BA666: 5725 | BB666: 3901 | BC666: 3715 | BD666: 2688 | BE666: 1955 | BF666: 1327
A667: PLATEAU | B667: BOKKOS | C667: =VLOOKUP(B667,'Cross river Land'!A:B,2,0) -> NG032003 | D667: =COUNTIF(C:C,C667) -> 1 | E667: 149609 | F667: 145269 | G667: 294878 | H667: 23597 | I667: 22275 | J667: 20481 | K667: 17842 | L667: 12915 | M667: 10134 | N667: 8378 | O667: 7325 | P667: 5599 | Q667: 4515 | R667: 3788 | S667: 3597 | T667: 2682 | U667: 2545 | V667: 1815 | W667: 1316 | X667: 805 | Y667: 23950 | Z667: 22141 | AA667: 19412 | AB667: 17269 | AC667: 12679 | AD667: 10471 | AE667: 8850 | AF667: 7699 | AG667: 5621 | AH667: 4614 | AI667: 2961 | AJ667: 2926 | AK667: 1633 | AL667: 1888 | AM667: 1262 | AN667: 1250 | AO667: 643 | AP667: 47547 | AQ667: 44416 | AR667: 39893 | AS667: 35111 | AT667: 25594 | AU667: 20605 | AV667: 17228 | AW667: 15024 | AX667: 11220 | AY667: 9129 | AZ667: 6749 | BA667: 6523 | BB667: 4315 | BC667: 4433 | BD667: 3077 | BE667: 2566 | BF667: 1448
A668: PLATEAU | B668: JOS EAST | C668: =VLOOKUP(B668,'Cross river Land'!A:B,2,0) -> NG032004 | D668: =COUNTIF(C:C,C668) -> 1 | E668: 47926 | F668: 49945 | G668: 97871 | H668: 8292 | I668: 7136 | J668: 5918 | K668: 5199 | L668: 4269 | M668: 3601 | N668: 2913 | O668: 2326 | P668: 1878 | Q668: 1498 | R668: 1082 | S668: 1191 | T668: 698 | U668: 736 | V668: 505 | W668: 379 | X668: 305 | Y668: 8619 | Z668: 7616 | AA668: 6255 | AB668: 5628 | AC668: 4166 | AD668: 3626 | AE668: 3116 | AF668: 2677 | AG668: 2152 | AH668: 1634 | AI668: 1126 | AJ668: 1080 | AK668: 648 | AL668: 614 | AM668: 420 | AN668: 342 | AO668: 226 | AP668: 16911 | AQ668: 14752 | AR668: 12173 | AS668: 10827 | AT668: 8435 | AU668: 7227 | AV668: 6029 | AW668: 5003 | AX668: 4030 | AY668: 3132 | AZ668: 2208 | BA668: 2271 | BB668: 1346 | BC668: 1350 | BD668: 925 | BE668: 721 | BF668: 531
A669: PLATEAU | B669: JOS NORTH | C669: =VLOOKUP(B669,'Cross river Land'!A:B,2,0) -> NG032005 | D669: =COUNTIF(C:C,C669) -> 1 | E669: 237914 | F669: 246618 | G669: 484532 | H669: 37029 | I669: 31672 | J669: 32493 | K669: 28159 | L669: 23157 | M669: 18119 | N669: 14179 | O669: 13167 | P669: 10364 | Q669: 8757 | R669: 5798 | S669: 5207 | T669: 2947 | U669: 2579 | V669: 1884 | W669: 1263 | X669: 1140 | Y669: 37474 | Z669: 30761 | AA669: 29849 | AB669: 27432 | AC669: 26071 | AD669: 22543 | AE669: 15972 | AF669: 14599 | AG669: 10360 | AH669: 9939 | AI669: 5908 | AJ669: 6679 | AK669: 3015 | AL669: 3085 | AM669: 1264 | AN669: 1123 | AO669: 544 | AP669: 74503 | AQ669: 62433 | AR669: 62342 | AS669: 55591 | AT669: 49228 | AU669: 40662 | AV669: 30151 | AW669: 27766 | AX669: 20724 | AY669: 18696 | AZ669: 11706 | BA669: 11886 | BB669: 5962 | BC669: 5664 | BD669: 3148 | BE669: 2386 | BF669: 1684
A670: PLATEAU | B670: JOS SOUTH | C670: =VLOOKUP(B670,'Cross river Land'!A:B,2,0) -> NG032006 | D670: =COUNTIF(C:C,C670) -> 1 | E670: 175464 | F670: 180622 | G670: 356086 | H670: 26284 | I670: 23115 | J670: 21714 | K670: 19593 | L670: 17637 | M670: 13820 | N670: 10767 | O670: 10270 | P670: 7720 | Q670: 6632 | R670: 4341 | S670: 4275 | T670: 2518 | U670: 2791 | V670: 1854 | W670: 1330 | X670: 803 | Y670: 27201 | Z670: 21827 | AA670: 20991 | AB670: 19497 | AC670: 18936 | AD670: 16748 | AE670: 12956 | AF670: 11597 | AG670: 8224 | AH670: 7266 | AI670: 4283 | AJ670: 4586 | AK670: 2019 | AL670: 2224 | AM670: 956 | AN670: 854 | AO670: 457 | AP670: 53485 | AQ670: 44942 | AR670: 42705 | AS670: 39090 | AT670: 36573 | AU670: 30568 | AV670: 23723 | AW670: 21867 | AX670: 15944 | AY670: 13898 | AZ670: 8624 | BA670: 8861 | BB670: 4537 | BC670: 5015 | BD670: 2810 | BE670: 2184 | BF670: 1260
A671: PLATEAU | B671: KANAM | C671: =VLOOKUP(B671,'Cross river Land'!A:B,2,0) -> NG032007 | D671: =COUNTIF(C:C,C671) -> 1 | E671: 111230 | F671: 104527 | G671: 215757 | H671: 20784 | I671: 17222 | J671: 13753 | K671: 11581 | L671: 9180 | M671: 7897 | N671: 6507 | O671: 5386 | P671: 4601 | Q671: 3193 | R671: 3086 | S671: 2284 | T671: 1868 | U671: 1220 | V671: 1368 | W671: 711 | X671: 589 | Y671: 20885 | Z671: 16987 | AA671: 13078 | AB671: 10966 | AC671: 7724 | AD671: 6650 | AE671: 6035 | AF671: 5192 | AG671: 4123 | AH671: 3368 | AI671: 2528 | AJ671: 2183 | AK671: 1472 | AL671: 1287 | AM671: 909 | AN671: 640 | AO671: 500 | AP671: 41669 | AQ671: 34209 | AR671: 26831 | AS671: 22547 | AT671: 16904 | AU671: 14547 | AV671: 12542 | AW671: 10578 | AX671: 8724 | AY671: 6561 | AZ671: 5614 | BA671: 4467 | BB671: 3340 | BC671: 2507 | BD671: 2277 | BE671: 1351 | BF671: 1089
A672: PLATEAU | B672: KANKE | C672: =VLOOKUP(B672,'Cross river Land'!A:B,2,0) -> NG032008 | D672: =COUNTIF(C:C,C672) -> 1 | E672: 95543 | F672: 92930 | G672: 188473 | H672: 16629 | I672: 13604 | J672: 11818 | K672: 9925 | L672: 8087 | M672: 6818 | N672: 5700 | O672: 4727 | P672: 4005 | Q672: 3256 | R672: 2640 | S672: 2359 | T672: 2036 | U672: 1691 | V672: 1176 | W672: 707 | X672: 365 | Y672: 16918 | Z672: 13963 | AA672: 11897 | AB672: 10179 | AC672: 7612 | AD672: 6449 | AE672: 5591 | AF672: 5146 | AG672: 3743 | AH672: 3167 | AI672: 2131 | AJ672: 1890 | AK672: 1208 | AL672: 1211 | AM672: 876 | AN672: 592 | AO672: 357 | AP672: 33547 | AQ672: 27567 | AR672: 23715 | AS672: 20104 | AT672: 15699 | AU672: 13267 | AV672: 11291 | AW672: 9873 | AX672: 7748 | AY672: 6423 | AZ672: 4771 | BA672: 4249 | BB672: 3244 | BC672: 2902 | BD672: 2052 | BE672: 1299 | BF672: 722
A673: PLATEAU | B673: LANGTANG NORTH | C673: =VLOOKUP(B673,'Cross river Land'!A:B,2,0) -> NG032009 | D673: =COUNTIF(C:C,C673) -> 1 | E673: 94221 | F673: 92166 | G673: 186387 | H673: 14758 | I673: 13624 | J673: 12691 | K673: 11437 | L673: 7943 | M673: 7093 | N673: 5893 | O673: 4506 | P673: 3881 | Q673: 2884 | R673: 2637 | S673: 1711 | T673: 1680 | U673: 1421 | V673: 1069 | W673: 581 | X673: 412 | Y673: 14494 | Z673: 13369 | AA673: 11932 | AB673: 10678 | AC673: 7605 | AD673: 6739 | AE673: 6333 | AF673: 5480 | AG673: 4240 | AH673: 3326 | AI673: 2424 | AJ673: 1554 | AK673: 1326 | AL673: 1111 | AM673: 686 | AN673: 570 | AO673: 299 | AP673: 29252 | AQ673: 26993 | AR673: 24623 | AS673: 22115 | AT673: 15548 | AU673: 13832 | AV673: 12226 | AW673: 9986 | AX673: 8121 | AY673: 6210 | AZ673: 5061 | BA673: 3265 | BB673: 3006 | BC673: 2532 | BD673: 1755 | BE673: 1151 | BF673: 711
A674: PLATEAU | B674: LANGTANG SOUTH | C674: =VLOOKUP(B674,'Cross river Land'!A:B,2,0) -> NG032010 | D674: =COUNTIF(C:C,C674) -> 1 | E674: 100472 | F674: 103924 | G674: 204396 | H674: 17830 | I674: 15774 | J674: 12841 | K674: 10561 | L674: 9049 | M674: 7944 | N674: 6982 | O674: 4714 | P674: 4003 | Q674: 2708 | R674: 2464 | S674: 1400 | T674: 1613 | U674: 981 | V674: 873 | W674: 432 | X674: 303 | Y674: 18429 | Z674: 16197 | AA674: 12749 | AB674: 11150 | AC674: 8094 | AD674: 7808 | AE674: 7427 | AF674: 6262 | AG674: 4797 | AH674: 3463 | AI674: 2370 | AJ674: 1505 | AK674: 1196 | AL674: 1036 | AM674: 696 | AN674: 474 | AO674: 271 | AP674: 36259 | AQ674: 31971 | AR674: 25590 | AS674: 21711 | AT674: 17143 | AU674: 15752 | AV674: 14409 | AW674: 10976 | AX674: 8800 | AY674: 6171 | AZ674: 4834 | BA674: 2905 | BB674: 2809 | BC674: 2017 | BD674: 1569 | BE674: 906 | BF674: 574
A675: PLATEAU | B675: MANGU | C675: =VLOOKUP(B675,'Cross river Land'!A:B,2,0) -> NG032011 | D675: =COUNTIF(C:C,C675) -> 1 | E675: 212603 | F675: 207344 | G675: 419947 | H675: 32903 | I675: 30613 | J675: 28456 | K675: 25365 | L675: 17949 | M675: 14754 | N675: 11642 | O675: 9967 | P675: 8334 | Q675: 7168 | R675: 5763 | S675: 5607 | T675: 4084 | U675: 3727 | V675: 2996 | W675: 2017 | X675: 1258 | Y675: 33235 | Z675: 29380 | AA675: 28196 | AB675: 25372 | AC675: 18108 | AD675: 15057 | AE675: 12180 | AF675: 11174 | AG675: 8069 | AH675: 6878 | AI675: 4650 | AJ675: 4804 | AK675: 2688 | AL675: 3065 | AM675: 1802 | AN675: 1763 | AO675: 923 | AP675: 66138 | AQ675: 59993 | AR675: 56652 | AS675: 50737 | AT675: 36057 | AU675: 29811 | AV675: 23822 | AW675: 21141 | AX675: 16403 | AY675: 14046 | AZ675: 10413 | BA675: 10411 | BB675: 6772 | BC675: 6792 | BD675: 4798 | BE675: 3780 | BF675: 2181
A676: PLATEAU | B676: MIKANG | C676: =VLOOKUP(B676,'Cross river Land'!A:B,2,0) -> NG032012 | D676: =COUNTIF(C:C,C676) -> 1 | E676: 58891 | F676: 57638 | G676: 116529 | H676: 10981 | I676: 9076 | J676: 7388 | K676: 6118 | L676: 4824 | M676: 4461 | N676: 3737 | O676: 2763 | P676: 2252 | Q676: 1793 | R676: 1481 | S676: 1105 | T676: 1009 | U676: 840 | V676: 528 | W676: 335 | X676: 200 | Y676: 10964 | Z676: 9012 | AA676: 7398 | AB676: 6087 | AC676: 4215 | AD676: 3877 | AE676: 3708 | AF676: 3140 | AG676: 2505 | AH676: 1909 | AI676: 1438 | AJ676: 998 | AK676: 789 | AL676: 636 | AM676: 486 | AN676: 287 | AO676: 189 | AP676: 21945 | AQ676: 18088 | AR676: 14786 | AS676: 12205 | AT676: 9039 | AU676: 8338 | AV676: 7445 | AW676: 5903 | AX676: 4757 | AY676: 3702 | AZ676: 2919 | BA676: 2103 | BB676: 1798 | BC676: 1476 | BD676: 1014 | BE676: 622 | BF676: 389
A677: PLATEAU | B677: PANKSHIN | C677: =VLOOKUP(B677,'Cross river Land'!A:B,2,0) -> NG032013 | D677: =COUNTIF(C:C,C677) -> 1 | E677: 143691 | F677: 144650 | G677: 288341 | H677: 23312 | I677: 20245 | J677: 18047 | K677: 15848 | L677: 12839 | M677: 10656 | N677: 8559 | O677: 7124 | P677: 6002 | Q677: 5069 | R677: 3904 | S677: 3537 | T677: 2644 | U677: 2448 | V677: 1642 | W677: 1213 | X677: 602 | Y677: 23745 | Z677: 20462 | AA677: 18533 | AB677: 17033 | AC677: 12459 | AD677: 10696 | AE677: 8864 | AF677: 7858 | AG677: 6133 | AH677: 5066 | AI677: 3638 | AJ677: 3193 | AK677: 2050 | AL677: 2069 | AM677: 1245 | AN677: 1032 | AO677: 574 | AP677: 47057 | AQ677: 40707 | AR677: 36580 | AS677: 32881 | AT677: 25298 | AU677: 21352 | AV677: 17423 | AW677: 14982 | AX677: 12135 | AY677: 10135 | AZ677: 7542 | BA677: 6730 | BB677: 4694 | BC677: 4517 | BD677: 2887 | BE677: 2245 | BF677: 1176
A678: PLATEAU | B678: QUA'AN PAN | C678: =VLOOKUP(B678,'Cross river Land'!A:B,2,0) -> NG032014 | D678: =COUNTIF(C:C,C678) -> 1 | E678: 122520 | F678: 117947 | G678: 240467 | H678: 20624 | I678: 19177 | J678: 15722 | K678: 12961 | L678: 10232 | M678: 8649 | N678: 7418 | O678: 5662 | P678: 5127 | Q678: 3870 | R678: 3255 | S678: 2661 | T678: 2530 | U678: 1843 | V678: 1296 | W678: 851 | X678: 642 | Y678: 20556 | Z678: 18793 | AA678: 15504 | AB678: 12563 | AC678: 9425 | AD678: 8200 | AE678: 7107 | AF678: 6307 | AG678: 4761 | AH678: 3682 | AI678: 2980 | AJ678: 2350 | AK678: 1835 | AL678: 1451 | AM678: 1181 | AN678: 761 | AO678: 491 | AP678: 41180 | AQ678: 37970 | AR678: 31226 | AS678: 25524 | AT678: 19657 | AU678: 16849 | AV678: 14525 | AW678: 11969 | AX678: 9888 | AY678: 7552 | AZ678: 6235 | BA678: 5011 | BB678: 4365 | BC678: 3294 | BD678: 2477 | BE678: 1612 | BF678: 1133
... A774: ZAMFARA | B774: ZURMI | C774: =VLOOKUP(B774,'Cross river Land'!A:B,2,0) -> NG037014 | D774: =COUNTIF(C:C,C774) -> 1 | E774: 215118 | F774: 211065 | G774: 426183 | H774: 40528 | I774: 35499 | J774: 24573 | K774: 21722 | L774: 19410 | M774: 16085 | N774: 14581 | O774: 9987 | P774: 9489 | Q774: 5003 | R774: 5902 | S774: 2893 | T774: 3811 | U774: 1614 | V774: 2263 | W774: 864 | X774: 894 | Y774: 43077 | Z774: 35805 | AA774: 25201 | AB774: 20122 | AC774: 13538 | AD774: 12913 | AE774: 13587 | AF774: 10448 | AG774: 9983 | AH774: 6216 | AI774: 6741 | AJ774: 3780 | AK774: 4236 | AL774: 1623 | AM774: 2176 | AN774: 808 | AO774: 811 | AP774: 83605 | AQ774: 71304 | AR774: 49774 | AS774: 41844 | AT774: 32948 | AU774: 28998 | AV774: 28168 | AW774: 20435 | AX774: 19472 | AY774: 11219 | AZ774: 12643 | BA774: 6673 | BB774: 8047 | BC774: 3237 | BD774: 4439 | BE774: 1672 | BF774: 1705
E776: =SUM(E370:E413) -> 6424609 | F776: =SUM(F370:F413) -> 7187521 | G776: =SUM(G370:G413) -> 13612130 | H776: =SUM(H370:H413) -> 1256406 | I776: =SUM(I370:I413) -> 1011215 | J776: =SUM(J370:J413) -> 766886 | K776: =SUM(K370:K413) -> 665509 | L776: =SUM(L370:L413) -> 565371 | ... BF776: =SUM(BF370:BF413) -> 57324

Sheet Explanatory Technical Notes
A1: Explanatory Technical Note - Nigeria COD-PS, 2020
B3: This COD-PS is based on post-censal population projections prepared by the US Census Bureau (USCB) since 2006. For basic attributes of the COD-PS, please refer to the COD-PS Metadata.
B5: As described below, at ADM-0, the implied population growth rates and age-/sex-specific population counts of this COD-PS are generally consistent with the UN's population projections published in the 2019 revision of the World Population Prospects (WPP), with the greatest differences being where the USCB estimates for the 15-44 year olds for both sexes were greater than the WPP estimates by a margin of 4.97% to 10.75%. At ADM-1, the USCB projects the greatest growth rates for the Federal Capital Territory (Abuja, 8.81%) and Kano (7.59%), and the USCB ADM-1 age-/sex-specific population proportions are generally consistent with the WPP ADM-0 estimates.
B7: Overall Objective
B9: The purpose of this explanatory technical note is to provide supplementary notes to end users of Common Operational Datasets on Population Statistics (COD-PS), so they can understand their strengths and weaknesses and be informed users of baseline population data for humanitarian decision-making and action.
B11: This note provides a short assessment of the intrinsic population growth rates implied by the COD-PS, relative to that projected by the WPP 2019 revision of the UN. It also compares the projected absolute and relative population size for 5-year sex-specific age groups between this COD-PS and the official WPP projections compiled at ADM-0 (i.e. country level).
B13: Structure of Supplementary Note
B15: This supplementary note is organized into the following sections:
B16: * Intrinsic population growth rate, r, ADM-0
B17: * Intrinsic population growth rate, r, ADM-1
B18: * Population counts by age and sex, ADM-0
B19: * Relative population size by age and sex, ADM-1
B21: Each of these sections compares the COD-PS against available population projections compiled by the UN as part of the 2019 revision of the World Population Prospects.
... B37: In Figures 2(a-t) and 3(a-p), we compare the relative population proportions for 5-year age groups by sex between the USCB ADM-1 projections and the WPP ADM-0 projections. At ADM-1, while the USCB ADM-1 age-/sex-specific population proportions are generally consistent with the WPP ADM-0 estimates, some regions show relatively high fertility than others. The Federal Capital Territory (Abuja) shows the highest proportions of working males out of all states.

Sheet Growth rates since last census
B2: ADM0 growth rate, Male, 2006-2020 | C2: ADM0 growth rate, Female, 2006-2020 | E2: Growth rate (ADM 1), Male, 2006-2020 | F2: Growth rate (ADM 1) Female, 2006-2020 | G2: Growth rate, (ADM 1) Total, 2006-2020 | H2: ADM 1 (2006 census) | I2: Male (2006 census) | J2: Female (2006 census) | K2: 2006 Total | L2: ADM 1 (2020 projection) | M2: Male (2020 projection) | N2: Female (2020 projection) | O2: 2020 total
B3: =LN(M40/I40)/(2020-2006) -> 0.020568754 | C3: =LN(N40/J40)/(2020-2006) -> 0.0198936 | E3: =LN(M3/I3)/(2020-2006) -> 0.089653053 | F3: =LN(N3/J3)/(2020-2006) -> 0.086599607 | G3: =SUM(E3:F3)/2 -> 0.08812633 | H3: FEDERAL CAPITAL TERRITORY | I3: 733172 | J3: 673067 | K3: =SUM(I3:J3) -> 1406239 | L3: FEDERAL CAPITAL TERRITORY | M3: ='Figures 2(a-t)'!AJ19 -> 2572216 | N3: ='Figures 2(a-t)'!AK19 -> 2262531 | O3: =SUM(M3:N3) -> 4834747
B4: ADM1 median growth rate, Male, 2006-2020 | C4: ADM1 median growth rate, Female, 2006-2020 | E4: =LN(M4/I4)/(2020-2006) -> 0.076179982 | F4: =LN(N4/J4)/(2020-2006) -> 0.07568782 | G4: =SUM(E4:F4)/2 -> 0.075933901 | H4: KANO | I4: 4947952 | J4: 4453336 | K4: =SUM(I4:J4) -> 9401288 | L4: KANO | M4: ='Figures 2(a-t)'!AJ24 -> 14375042 | N4: ='Figures 2(a-t)'!AK24 -> 12849218 | O4: =SUM(M4:N4) -> 27224260
B5: =MEDIAN(E3:E39) -> 0.024960672 | C5: =MEDIAN(F3:F39) -> 0.025141684 | E5: =LN(M5/I5)/(2020-2006) -> 0.035483127 | F5: =LN(N5/J5)/(2020-2006) -> 0.034512302 | G5: =SUM(E5:F5)/2 -> 0.034997715 | H5: LAGOS | I5: 4719125 | J5: 4394480 | K5: =SUM(I5:J5) -> 9113605 | L5: LAGOS | M5: ='Figures 2(a-t)'!AJ29 -> 7755383 | N5: ='Figures 2(a-t)'!AK29 -> 7124371 | O5: =SUM(M5:N5) -> 14879754
E6: =LN(M6/I6)/(2020-2006) -> 0.033134838 | F6: =LN(N6/J6)/(2020-2006) -> 0.032277737 | G6: =SUM(E6:F6)/2 -> 0.032706287 | H6: BORNO | I6: 2163358 | J6: 2007746 | K6: =SUM(I6:J6) -> 4171104 | L6: BORNO | M6: ='Figures 2(a-t)'!AJ12 -> 3440268 | N6: ='Figures 2(a-t)'!AK12 -> 3154724 | O6: =SUM(M6:N6) -> 6594992
B7: ADM0 average annual rate of population change (WPP) | E7: =LN(M7/I7)/(2020-2006) -> 0.031967331 | F7: =LN(N7/J7)/(2020-2006) -> 0.031616346 | G7: =SUM(E7:F7)/2 -> 0.031791839 | H7: OGUN | I7: 1864907 | J7: 1886233 | K7: =SUM(I7:J7) -> 3751140 | L7: OGUN | M7: ='Figures 2(a-t)'!AJ32 -> 2917578 | N7: ='Figures 2(a-t)'!AK32 -> 2936477 | O7: =SUM(M7:N7) -> 5854055
B8: 1975-1980 | C8: 0.02944 | E8: =LN(M8/I8)/(2020-2006) -> 0.031860363 | F8: =LN(N8/J8)/(2020-2006) -> 0.031570076 | G8: =SUM(E8:F8)/2 -> 0.03171522 | H8: YOBE | I8: 1205034 | J8: 1116305 | K8: =SUM(I8:J8) -> 2321339 | L8: YOBE | M8: ='Figures 2(a-t)'!AJ40 -> 1882410 | N8: ='Figures 2(a-t)'!AK40 -> 1736732 | O8: =SUM(M8:N8) -> 3619142
B9: 1980-1985 | C9: 0.02587 | E9: =LN(M9/I9)/(2020-2006) -> 0.053239754 | F9: =LN(N9/J9)/(2020-2006) -> 0.05193103 | G9: =SUM(E9:F9)/2 -> 0.052585392 | H9: Total (2006 census) | I9: =SUM(I1:I8) -> 15633548 | J9: =SUM(J1:J8) -> 14531167 | L9: Total (2020 projection) | M9: =SUM(M1:M8) -> 32942897 | N9: =SUM(N1:N8) -> 30064053
B10: 1985-1990 | C10: 0.0261 | E10: =LN(M10/I10)/(2020-2006) -> 0.029778452 | F10: =LN(N10/J10)/(2020-2006) -> 0.029829001 | G10: =SUM(E10:F10)/2 -> 0.029803726 | H10: OYO | I10: 2802432 | J10: 2778462 | K10: =SUM(I10:J10) -> 5580894 | L10: OYO | M10: ='Figures 2(a-t)'!AJ35 -> 4251985 | N10: ='Figures 2(a-t)'!AK35 -> 4218601 | O10: =SUM(M10:N10) -> 8470586
B11: 1990-1995 | C11: 0.02511 | E11: =LN(M11/I11)/(2020-2006) -> 0.02954554 | F11: =LN(N11/J11)/(2020-2006) -> 0.029146078 | G11: =SUM(E11:F11)/2 -> 0.029345809 | H11: RIVERS | I11: 2673026 | J11: 2525690 | K11: =SUM(I11:J11) -> 5198716 | L11: RIVERS | M11: ='Figures 2(a-t)'!AJ37 -> 4042441 | N11: ='Figures 2(a-t)'!AK37 -> 3798322 | O11: =SUM(M11:N11) -> 7840763
B12: 1995-2000 | C12: 0.02494 | E12: =LN(M12/I12)/(2020-2006) -> 0.028397814 | F12: =LN(N12/J12)/(2020-2006) -> 0.028461914 | G12: =SUM(E12:F12)/2 -> 0.028429864 | H12: BAYELSA | I12: 874083 | J12: 830432 | K12: =SUM(I12:J12) -> 1704515 | L12: BAYELSA | M12: ='Figures 2(a-t)'!AJ10 -> 1300813 | N12: ='Figures 2(a-t)'!AK10 -> 1236961 | O12: =SUM(M12:N12) -> 2537774
B13: 2000-2005 | C13: 0.02543 | E13: =LN(M13/I13)/(2020-2006) -> 0.026869143 | F13: =LN(N13/J13)/(2020-2006) -> 0.027545881 | G13: =SUM(E13:F13)/2 -> 0.027207512 | H13: EKITI | I13: 1215487 | J13: 1183470 | K13: =SUM(I13:J13) -> 2398957 | L13: EKITI | M13: ='Figures 2(a-t)'!AJ17 -> 1770590 | N13: ='Figures 2(a-t)'!AK17 -> 1740362 | O13: =SUM(M13:N13) -> 3510952
B14: 2005-2006 | C14: 0.02645 | E14: =LN(M14/I14)/(2020-2006) -> 0.027290065 | F14: =LN(N14/J14)/(2020-2006) -> 0.026713059 | G14: =SUM(E14:F14)/2 -> 0.027001562 | H14: KOGI | I14: 1672903 | J14: 1641140 | K14: =SUM(I14:J14) -> 3314043 | L14: KOGI | M14: ='Figures 2(a-t)'!AJ27 -> 2451307 | N14: ='Figures 2(a-t)'!AK27 -> 2385417 | O14: =SUM(M14:N14) -> 4836724
B15: 2006-2015 | C15: 0.0267 | E15: =LN(M15/I15)/(2020-2006) -> 0.027027683 | F15: =LN(N15/J15)/(2020-2006) -> 0.026311292 | G15: =SUM(E15:F15)/2 -> 0.026669488 | H15: NIGER | I15: 2004350 | J15: 1950422 | K15: =SUM(I15:J15) -> 3954772 | L15: NIGER | M15: ='Figures 2(a-t)'!AJ31 -> 2926208 | N15: ='Figures 2(a-t)'!AK31 -> 2819061 | O15: =SUM(M15:N15) -> 5745269
B16: 2015-2020 | C16: 0.02586 | E16: =LN(M16/I16)/(2020-2006) -> 0.026562832 | F16: =LN(N16/J16)/(2020-2006) -> 0.026716685 | G16: =SUM(E16:F16)/2 -> 0.026639758 | H16: AKWA IBOM | I16: 1983202 | J16: 1918849 | K16: =SUM(I16:J16) -> 3902051 | L16: AKWA IBOM | M16: ='Figures 2(a-t)'!AJ7 -> 2876552 | N16: ='Figures 2(a-t)'!AK7 -> 2789212 | O16: =SUM(M16:N16) -> 5665764
B17: 2020-2025 | C17: 0.02479 | E17: =LN(M17/I17)/(2020-2006) -> 0.02616883 | F17: =LN(N17/J17)/(2020-2006) -> 0.02569417 | G17: =SUM(E17:F17)/2 -> 0.0259315 | H17: BAUCHI | I17: 2369266 | J17: 2283800 | K17: =SUM(I17:J17) -> 4653066 | L17: BAUCHI | M17: ='Figures 2(a-t)'!AJ9 -> 3417618 | N17: ='Figures 2(a-t)'!AK9 -> 3272516 | O17: =SUM(M17:N17) -> 6690134
B18: 2025-2030 | C18: 0.02391 | E18: =LN(M18/I18)/(2020-2006) -> 0.026093628 | F18: =LN(N18/J18)/(2020-2006) -> 0.025405369 | G18: =SUM(E18:F18)/2 -> 0.025749499 | H18: GOMBE | I18: 1244228 | J18: 1120812 | K18: =SUM(I18:J18) -> 2365040 | L18: GOMBE | M18: ='Figures 2(a-t)'!AJ20 -> 1792885 | N18: ='Figures 2(a-t)'!AK20 -> 1599560 | O18: =SUM(M18:N18) -> 3392445
B19: 2030-2035 | C19: 0.02297 | E19: =LN(M19/I19)/(2020-2006) -> 0.02588236 | F19: =LN(N19/J19)/(2020-2006) -> 0.025465728 | G19: =SUM(E19:F19)/2 -> 0.025674044 | H19: KADUNA | I19: 3090438 | J19: 3023065 | K19: =SUM(I19:J19) -> 6113503 | L19: KADUNA | M19: ='Figures 2(a-t)'!AJ23 -> 4440051 | N19: ='Figures 2(a-t)'!AK23 -> 4317996 | O19: =SUM(M19:N19) -> 8758047
E20: =LN(M20/I20)/(2020-2006) -> 0.025788749 | F20: =LN(N20/J20)/(2020-2006) -> 0.025141684 | G20: =SUM(E20:F20)/2 -> 0.025465216 | H20: KWARA | I20: 1193783 | J20: 1171570 | K20: =SUM(I20:J20) -> 2365353 | L20: KWARA | M20: ='Figures 2(a-t)'!AJ28 -> 1712869 | N20: ='Figures 2(a-t)'!AK28 -> 1665838 | O20: =SUM(M20:N20) -> 3378707
E21: =LN(M21/I21)/(2020-2006) -> 0.024960672 | F21: =LN(N21/J21)/(2020-2006) -> 0.025239519 | G21: =SUM(E21:F21)/2 -> 0.025100096 | H21: ANAMBRA | I21: 2117984 | J21: 2059844 | K21: =SUM(I21:J21) -> 4177828 | L21: ANAMBRA | M21: ='Figures 2(a-t)'!AJ8 -> 3003908 | N21: ='Figures 2(a-t)'!AK8 -> 2932876 | O21: =SUM(M21:N21) -> 5936784
E22: =LN(M22/I22)/(2020-2006) -> 0.024792351 | F22: =LN(N22/J22)/(2020-2006) -> 0.025010174 | G22: =SUM(E22:F22)/2 -> 0.024901262 | H22: DELTA | I22: 2069309 | J22: 2043136 | K22: =SUM(I22:J22) -> 4112445 | L22: DELTA | M22: ='Figures 2(a-t)'!AJ14 -> 2927965 | N22: ='Figures 2(a-t)'!AK14 -> 2899761 | O22: =SUM(M22:N22) -> 5827726
E23: =LN(M23/I23)/(2020-2006) -> 0.02448715 | F23: =LN(N23/J23)/(2020-2006) -> 0.024923684 | G23: =SUM(E23:F23)/2 -> 0.024705417 | H23: OSUN | I23: 1734149 | J23: 1682810 | K23: =SUM(I23:J23) -> 3416959 | L23: OSUN | M23: ='Figures 2(a-t)'!AJ34 -> 2443269 | N23: ='Figures 2(a-t)'!AK34 -> 2385471 | O23: =SUM(M23:N23) -> 4828740
E24: =LN(M24/I24)/(2020-2006) -> 0.024422117 | F24: =LN(N24/J24)/(2020-2006) -> 0.024913515 | G24: =SUM(E24:F24)/2 -> 0.024667816 | H24: IMO | I24: 1976471 | J24: 1951092 | K24: =SUM(I24:J24) -> 3927563 | L24: IMO | M24: ='Figures 2(a-t)'!AJ21 -> 2782146 | N24: ='Figures 2(a-t)'!AK21 -> 2765381 | O24: =SUM(M24:N24) -> 5547527
E25: =LN(M25/I25)/(2020-2006) -> 0.02402437 | F25: =LN(N25/J25)/(2020-2006) -> 0.02335108 | G25: =SUM(E25:F25)/2 -> 0.023687725 | H25: ZAMFARA | I25: 1641623 | J25: 1637250 | K25: =SUM(I25:J25) -> 3278873 | L25: ZAMFARA | M25: ='Figures 2(a-t)'!AJ41 -> 2297971 | N25: ='Figures 2(a-t)'!AK41 -> 2270348 | O25: =SUM(M25:N25) -> 4568319
E26: =LN(M26/I26)/(2020-2006) -> 0.023630256 | F26: =LN(N26/J26)/(2020-2006) -> 0.023161079 | G26: =SUM(E26:F26)/2 -> 0.023395667 | H26: KATSINA | I26: 2948279 | J26: 2853305 | K26: =SUM(I26:J26) -> 5801584 | L26: KATSINA | M26: ='Figures 2(a-t)'!AJ25 -> 4104341 | N26: ='Figures 2(a-t)'!AK25 -> 3946121 | O26: =SUM(M26:N26) -> 8050462
E27: =LN(M27/I27)/(2020-2006) -> 0.023589557 | F27: =LN(N27/J27)/(2020-2006) -> 0.022941445 | G27: =SUM(E27:F27)/2 -> 0.023265501 | H27: KEBBI | I27: 1631629 | J27: 1624912 | K27: =SUM(I27:J27) -> 3256541 | L27: KEBBI | M27: ='Figures 2(a-t)'!AJ26 -> 2270120 | N27: ='Figures 2(a-t)'!AK26 -> 2240354 | O27: =SUM(M27:N27) -> 4510474
E28: =LN(M28/I28)/(2020-2006) -> 0.023337355 | F28: =LN(N28/J28)/(2020-2006) -> 0.022984014 | G28: =SUM(E28:F28)/2 -> 0.023160685 | H28: ADAMAWA | I28: 1607270 | J28: 1571680 | K28: =SUM(I28:J28) -> 3178950 | L28: ADAMAWA | M28: ='Figures 2(a-t)'!AJ6 -> 2228347 | N28: ='Figures 2(a-t)'!AK6 -> 2168252 | O28: =SUM(M28:N28) -> 4396599
E29: =LN(M29/I29)/(2020-2006) -> 0.022552117 | F29: =LN(N29/J29)/(2020-2006) -> 0.022457208 | G29: =SUM(E29:F29)/2 -> 0.022504663 | H29: EBONYI | I29: 1064156 | J29: 1112791 | K29: =SUM(I29:J29) -> 2176947 | L29: EBONYI | M29: ='Figures 2(a-t)'!AJ15 -> 1459234 | N29: ='Figures 2(a-t)'!AK15 -> 1523899 | O29: =SUM(M29:N29) -> 2983133
E30: =LN(M30/I30)/(2020-2006) -> 0.02245432 | F30: =LN(N30/J30)/(2020-2006) -> 0.022331452 | G30: =SUM(E30:F30)/2 -> 0.022392886 | H30: CROSS RIVER | I30: 1471967 | J30: 1421021 | K30: =SUM(I30:J30) -> 2892988 | L30: CROSS RIVER | M30: ='Figures 2(a-t)'!AJ13 -> 2015687 | N30: ='Figures 2(a-t)'!AK13 -> 1942578 | O30: =SUM(M30:N30) -> 3958265
E31: =LN(M31/I31)/(2020-2006) -> 0.022694531 | F31: =LN(N31/J31)/(2020-2006) -> 0.022044724 | G31: =SUM(E31:F31)/2 -> 0.022369628 | H31: NASARAWA | I31: 943801 | J31: 925576 | K31: =SUM(I31:J31) -> 1869377 | L31: NASARAWA | M31: ='Figures 2(a-t)'!AJ30 -> 1296779 | N31: ='Figures 2(a-t)'!AK30 -> 1260221 | O31: =SUM(M31:N31) -> 2557000
E32: =LN(M32/I32)/(2020-2006) -> 0.022419506 | F32: =LN(N32/J32)/(2020-2006) -> 0.022243688 | G32: =SUM(E32:F32)/2 -> 0.022331597 | H32: BENUE | I32: 2144043 | J32: 2109598 | K32: =SUM(I32:J32) -> 4253641 | L32: BENUE | M32: ='Figures 2(a-t)'!AJ11 -> 2934586 | N32: ='Figures 2(a-t)'!AK11 -> 2880342 | O32: =SUM(M32:N32) -> 5814928
E33: =LN(M33/I33)/(2020-2006) -> 0.02183576 | F33: =LN(N33/J33)/(2020-2006) -> 0.02243402 | G33: =SUM(E33:F33)/2 -> 0.02213489 | H33: ABIA | I33: 1430298 | J33: 1415082 | K33: =SUM(I33:J33) -> 2845380 | L33: ABIA | M33: ='Figures 2(a-t)'!AJ5 -> 1941738 | N33: ='Figures 2(a-t)'!AK5 -> 1937239 | O33: =SUM(M33:N33) -> 3878977
E34: =LN(M34/I34)/(2020-2006) -> 0.021852451 | F34: =LN(N34/J34)/(2020-2006) -> 0.021934776 | G34: =SUM(E34:F34)/2 -> 0.021893613 | H34: EDO | I34: 1633946 | J34: 1599420 | K34: =SUM(I34:J34) -> 3233366 | L34: EDO | M34: ='Figures 2(a-t)'!AJ16 -> 2218724 | N34: ='Figures 2(a-t)'!AK16 -> 2174346 | O34: =SUM(M34:N34) -> 4393070
E35: =LN(M35/I35)/(2020-2006) -> 0.022058291 | F35: =LN(N35/J35)/(2020-2006) -> 0.021644008 | G35: =SUM(E35:F35)/2 -> 0.02185115 | H35: JIGAWA | I35: 2198076 | J35: 2162926 | K35: =SUM(I35:J35) -> 4361002 | L35: JIGAWA | M35: ='Figures 2(a-t)'!AJ22 -> 2993366 | N35: ='Figures 2(a-t)'!AK22 -> 2928464 | O35: =SUM(M35:N35) -> 5921830
E36: =LN(M36/I36)/(2020-2006) -> 0.022165535 | F36: =LN(N36/J36)/(2020-2006) -> 0.021513395 | G36: =SUM(E36:F36)/2 -> 0.021839465 | H36: SOKOTO | I36: 1863713 | J36: 1838963 | K36: =SUM(I36:J36) -> 3702676 | L36: SOKOTO | M36: ='Figures 2(a-t)'!AJ38 -> 2541840 | N36: ='Figures 2(a-t)'!AK38 -> 2485290 | O36: =SUM(M36:N36) -> 5027130
E37: =LN(M37/I37)/(2020-2006) -> 0.021958552 | F37: =LN(N37/J37)/(2020-2006) -> 0.021632152 | G37: =SUM(E37:F37)/2 -> 0.021795352 | H37: PLATEAU | I37: 1598998 | J37: 1607533 | K37: =SUM(I37:J37) -> 3206531 | L37: PLATEAU | M37: ='Figures 2(a-t)'!AJ36 -> 2174496 | N37: ='Figures 2(a-t)'!AK36 -> 2176136 | O37: =SUM(M37:N37) -> 4350632
E38: =LN(M38/I38)/(2020-2006) -> 0.02116017 | F38: =LN(N38/J38)/(2020-2006) -> 0.021829072 | G38: =SUM(E38:F38)/2 -> 0.021494621 | H38: ENUGU | I38: 1596042 | J38: 1671795 | K38: =SUM(I38:J38) -> 3267837 | L38: ENUGU | M38: ='Figures 2(a-t)'!AJ18 -> 2146351 | N38: ='Figures 2(a-t)'!AK18 -> 2269376 | O38: =SUM(M38:N38) -> 4415727
E39: =LN(M39/I39)/(2020-2006) -> 0.021361934 | F39: =LN(N39/J39)/(2020-2006) -> 0.021549062 | G39: =SUM(E39:F39)/2 -> 0.021455498 | H39: ONDO | I39: 1745057 | J39: 1715820 | K39: =SUM(I39:J39) -> 3460877 | L39: ONDO | M39: ='Figures 2(a-t)'!AJ33 -> 2353384 | N39: ='Figures 2(a-t)'!AK33 -> 2320025 | O39: =SUM(M39:N39) -> 4673409
E40: =LN(M40/I40)/(2020-2006) -> 0.020568754 | F40: =LN(N40/J40)/(2020-2006) -> 0.0198936 | G40: =SUM(E40:F40)/2 -> 0.020231177 | H40: TARABA | I40: 1171931 | J40: 1122869 | K40: =SUM(I40:J40) -> 2294800 | L40: TARABA | M40: ='Figures 2(a-t)'!AJ39 -> 1563013 | N40: ='Figures 2(a-t)'!AK39 -> 1483490 | O40: =SUM(M40:N40) -> 3046503

Sheet Figure 1
A3: Row Labels | B3: Sum of Male_00-04 | C3: Sum of Male_05-09 | D3: Sum of Male_10-14 | E3: Sum of Male_15-19 | F3: Sum of Male_20-24 | G3: Sum of Male_25-29 | H3: Sum of Male_30-34 | I3: Sum of Male_35-39 | J3: Sum of Male_40-44 | K3: Sum of Male_45-49 | L3: Sum of Male_50-54 | M3: Sum of Male_55-59 | N3: Sum of Male_60-64 | O3: Sum of Male_65-69 | P3: Sum of Male_70-74 | Q3: Sum of Male_75-79 | R3: Sum of Male_80+ | S3: Sum of Female_00-04 | T3: Sum of Female_05-09 | U3: Sum of Female_10-14 | V3: Sum of Female_15-19 | W3: Sum of Female_20-24 | X3: Sum of Female_25-29 | Y3: Sum of Female_30-34 | Z3: Sum of Female_35-39 | AA3: Sum of Female_40-44 | AB3: Sum of Female_45-49 | AC3: Sum of Female_50-54 | AD3: Sum of Female_55-59 | AE3: Sum of Female_60-64 | AF3: Sum of Female_65-69 | AG3: Sum of Female_70-74 | AH3: Sum of Female_75-79 | AI3: Sum of Female_80+ | AJ3: Sum of Male_Total | AK3: Sum of Female_Total
A4: NIGERIA | B4: 17837020 | C4: 15502069 | D4: 13836239 | E4: 12293689 | F4: 10051901 | G4: 8480707 | H4: 7284102 | I4: 6240459 | J4: 5228754 | K4: 4105952 | L4: 3233093 | M4: 2454746 | N4: 1850354 | O4: 1335394 | P4: 965196 | Q4: 561382 | R4: 362424 | S4: 16969659 | T4: 14751712 | U4: 13072833 | V4: 11639983 | W4: 9674868 | X4: 8167582 | Y4: 6947084 | Z4: 5874695 | AA4: 4905215 | AB4: 3783584 | AC4: 3074491 | AD4: 2457793 | AE4: 1951626 | AF4: 1467403 | AG4: 1076136 | AH4: 635625 | AI4: 447580 | AJ4: 111623481 | AK4: 106897869
A5: ABIA | B5: 218758 | C5: 224631 | D5: 252614 | E5: 244697 | F5: 197853 | G5: 147846 | H5: 119759 | I5: 104223 | J5: 96942 | K5: 86562 | L5: 66047 | M5: 60055 | N5: 38619 | O5: 36743 | P5: 21766 | Q5: 16548 | R5: 8075 | S5: 210483 | T5: 215867 | U5: 248705 | V5: 235360 | W5: 175331 | X5: 141231 | Y5: 124752 | Z5: 118724 | AA5: 97191 | AB5: 89290 | AC5: 68647 | AD5: 66458 | AE5: 45452 | AF5: 42233 | AG5: 27155 | AH5: 18965 | AI5: 11395 | AJ5: 1941738 | AK5: 1937239
A6: ADAMAWA | B6: 391921 | C6: 331150 | D6: 277805 | E6: 238530 | F6: 190232 | G6: 160292 | H6: 138807 | I6: 119876 | J6: 95845 | K6: 76036 | L6: 56748 | M6: 48899 | N6: 32936 | O6: 28317 | P6: 20135 | Q6: 13404 | R6: 7414 | S6: 372760 | T6: 320576 | U6: 273011 | V6: 233204 | W6: 190216 | X6: 155723 | Y6: 131631 | Z6: 105703 | AA6: 93150 | AB6: 67345 | AC6: 59734 | AD6: 45221 | AE6: 39961 | AF6: 29740 | AG6: 26280 | AH6: 14250 | AI6: 9747 | AJ6: 2228347 | AK6: 2168252
A7: AKWA IBOM | B7: 345584 | C7: 364957 | D7: 371722 | E7: 355275 | F7: 285723 | G7: 216091 | H7: 174848 | I7: 159735 | J7: 143522 | K7: 125640 | L7: 96021 | M7: 77876 | N7: 61936 | O7: 46240 | P7: 27453 | Q7: 16233 | R7: 7696 | S7: 326260 | T7: 342223 | U7: 353787 | V7: 329383 | W7: 246884 | X7: 207987 | Y7: 184349 | Z7: 180667 | AA7: 144644 | AB7: 130441 | AC7: 94389 | AD7: 82954 | AE7: 63215 | AF7: 52546 | AG7: 26086 | AH7: 15922 | AI7: 7475 | AJ7: 2876552 | AK7: 2789212
A8: ANAMBRA | B8: 332996 | C8: 352714 | D8: 388676 | E8: 376016 | F8: 304587 | G8: 232124 | H8: 187703 | I8: 164634 | J8: 153188 | K8: 134792 | L8: 105401 | M8: 89482 | N8: 63031 | O8: 53670 | P8: 31439 | Q8: 22388 | R8: 11067 | S8: 319470 | T8: 334304 | U8: 379733 | V8: 357447 | W8: 273463 | X8: 225850 | Y8: 193788 | Z8: 185580 | AA8: 149135 | AB8: 135868 | AC8: 95878 | AD8: 95605 | AE8: 59135 | AF8: 56517 | AG8: 32959 | AH8: 25634 | AI8: 12510 | AJ8: 3003908 | AK8: 2932876
A9: BAUCHI | B9: 679500 | C9: 545659 | D9: 442014 | E9: 362751 | F9: 260764 | G9: 223221 | H9: 203035 | I9: 168629 | J9: 143572 | K9: 103270 | L9: 89342 | M9: 57851 | N9: 50345 | O9: 30837 | P9: 29566 | Q9: 15850 | R9: 11412 | S9: 639299 | T9: 509011 | U9: 402259 | V9: 352254 | W9: 285240 | X9: 235858 | Y9: 198776 | Z9: 153495 | AA9: 133251 | AB9: 90278 | AC9: 83531 | AD9: 51340 | AE9: 51485 | AF9: 30115 | AG9: 28710 | AH9: 15170 | AI9: 12444 | AJ9: 3417618 | AK9: 3272516
A10: BAYELSA | B10: 158035 | C10: 169405 | D10: 167379 | E10: 160580 | F10: 128084 | G10: 98740 | H10: 82485 | I10: 72773 | J10: 65964 | K10: 54387 | L10: 43741 | M10: 31487 | N10: 25781 | O10: 17586 | P10: 12790 | Q10: 7288 | R10: 4308 | S10: 150454 | T10: 157800 | U10: 157102 | V10: 144745 | W10: 109296 | X10: 93373 | Y10: 84237 | Z10: 80603 | AA10: 62980 | AB10: 55671 | AC10: 38799 | AD10: 34675 | AE10: 24906 | AF10: 19395 | AG10: 10835 | AH10: 7773 | AI10: 4317 | AJ10: 1300813 | AK10: 1236961
A11: BENUE | B11: 539300 | C11: 445972 | D11: 382231 | E11: 330874 | F11: 247899 | G11: 201198 | H11: 173256 | I11: 146700 | J11: 119001 | K11: 95899 | L11: 73977 | M11: 53904 | N11: 43804 | O11: 30213 | P11: 23436 | Q11: 16003 | R11: 10919 | S11: 514586 | T11: 431588 | U11: 371409 | V11: 318050 | W11: 248992 | X11: 199610 | Y11: 168682 | Z11: 135038 | AA11: 120485 | AB11: 86544 | AC11: 75599 | AD11: 54587 | AE11: 57410 | AF11: 37257 | AG11: 29396 | AH11: 17770 | AI11: 13339 | AJ11: 2934586 | AK11: 2880342
A12: BORNO | B12: 644945 | C12: 544939 | D12: 421873 | E12: 348897 | F12: 270790 | G12: 233981 | H12: 220992 | I12: 176524 | J12: 160850 | K12: 108578 | L12: 98736 | M12: 60103 | N12: 60783 | O12: 31453 | P12: 31629 | Q12: 14056 | R12: 11139 | S12: 596867 | T12: 492977 | U12: 369247 | V12: 326928 | W12: 285460 | X12: 230533 | Y12: 201616 | Z12: 146564 | AA12: 138886 | AB12: 84797 | AC12: 87266 | AD12: 49291 | AE12: 56913 | AF12: 28951 | AG12: 31809 | AH12: 14151 | AI12: 12468 | AJ12: 3440268 | AK12: 3154724
A13: CROSS RIVER | B13: 255470 | C13: 263801 | D13: 260335 | E13: 242320 | F13: 199798 | G13: 157222 | H13: 125944 | I13: 111965 | J13: 99844 | K13: 85277 | L13: 65584 | M13: 48000 | N13: 37811 | O13: 28190 | P13: 17153 | Q13: 10955 | R13: 6018 | S13: 243102 | T13: 247026 | U13: 247067 | V13: 228463 | W13: 177638 | X13: 145558 | Y13: 127746 | Z13: 120877 | AA13: 98133 | AB13: 83858 | AC13: 63626 | AD13: 48751 | AE13: 41139 | AF13: 31640 | AG13: 18689 | AH13: 12559 | AI13: 6706 | AJ13: 2015687 | AK13: 1942578
A14: DELTA | B14: 367102 | C14: 363425 | D14: 373194 | E14: 353940 | F14: 297603 | G14: 227942 | H14: 182870 | I14: 163400 | J14: 139733 | K14: 123629 | L14: 92496 | M14: 82655 | N14: 52325 | O14: 47402 | P14: 27695 | Q14: 21886 | R14: 10668 | S14: 352059 | T14: 347139 | U14: 365330 | V14: 333023 | W14: 263756 | X14: 214716 | Y14: 186714 | Z14: 178217 | AA14: 142570 | AB14: 132157 | AC14: 95005 | AD14: 96062 | AE14: 59273 | AF14: 55830 | AG14: 35088 | AH14: 27040 | AI14: 15782 | AJ14: 2927965 | AK14: 2899761
A15: EBONYI | B15: 213833 | C15: 203754 | D15: 197034 | E15: 176671 | F15: 132083 | G15: 95485 | H15: 79584 | I15: 72338 | J15: 67188 | K15: 58447 | L15: 46109 | M15: 36235 | N15: 28541 | O15: 22476 | P15: 13855 | Q15: 10238 | R15: 5363 | S15: 207890 | T15: 199710 | U15: 194554 | V15: 179000 | W15: 125519 | X15: 104915 | Y15: 94035 | Z15: 90186 | AA15: 76152 | AB15: 67676 | AC15: 48162 | AD15: 42488 | AE15: 33954 | AF15: 27586 | AG15: 15951 | AH15: 9976 | AI15: 6145 | AJ15: 1459234 | AK15: 1523899
... A42: Grand Total | B42: 17837020 | C42: 15502069 | D42: 13836239 | E42: 12293689 | F42: 10051901 | G42: 8480707 | H42: 7284102 | I42: 6240459 | J42: 5228754 | K42: 4105952 | L42: 3233093 | M42: 2454746 | N42: 1850354 | O42: 1335394 | P42: 965196 | Q42: 561382 | R42: 362424 | S42: 16969659 | T42: 14751712 | U42: 13072833 | V42: 11639983 | W42: 9674868 | X42: 8167582 | Y42: 6947084 | Z42: 5874695 | AA42: 4905215 | AB42: 3783584 | AC42: 3074491 | AD42: 2457793 | AE42: 1951626 | AF42: 1467403 | AG42: 1076136 | AH42: 635625 | AI42: 447580 | AJ42: 111623481 | AK42: 106897869
A44: Age | B44: ADM0 Male (WPP 2020 projection) | C44: ADM0 Female (WPP 2020 projection) | D44: ADM0 Male (USCB 2020 projection) | E44: ADM0 Female (USCB 2020 projection) | F44: ADM1 (Abia) Male (USCB 2020) | G44: ADM1 (Abia) Female (USCB 2020) | H44: ADM1 (Adamawa) Male (USCB 2020) | I44: ADM1 (Adamawa) Female (USCB 2020) | J44: ADM1 (Akwa Ibom) Male (USCB 2020) | K44: ADM1 (Akwa Ibom) Female (USCB 2020) | L44: ADM1 (Anambra) Male (USCB 2020) | M44: ADM1 (Anambra) Female (USCB 2020) | N44: ADM1 (Bauchi) Male (USCB 2020) | O44: ADM1 (Bauchi) Female (USCB 2020) | P44: ADM1 (Bayelsa) Male (USCB 2020) | Q44: ADM1 (Bayelsa) Female (USCB 2020) | R44: ADM1 (Benue) Male (USCB 2020) | S44: ADM1 (Benue) Female (USCB 2020) | T44: ADM1 (Borno) Male (USCB 2020) | U44: ADM1 (Borno) Female (USCB 2020) | V44: ADM1 (Cross River) Male (USCB 2020) | W44: ADM1 (Cross River) Female (USCB 2020) | X44: ADM1 (Delta) Male (USCB 2020) | Y44: ADM1 (Delta) Female (USCB 2020) | Z44: ADM1 (Ebonyi) Male (USCB 2020) | AA44: ADM1 (Ebonyi) Female (USCB 2020) | AB44: ADM1 (Edo) Male (USCB 2020) | AC44: ADM1 (Edo) Female (USCB 2020) | AD44: ADM1 (Ekiti) Male (USCB 2020) | AE44: ADM1 (Ekiti) Female (USCB 2020) | AF44: ADM1 (Enugu) Male (USCB 2020) | AG44: ADM1 (Enugu) Female (USCB 2020) | AH44: ADM1 (Federal Capital Territory) Male (USCB 2020) | AI44: ADM1 (Federal Capital Territory) Female (USCB 2020) | AJ44: ADM1 (Gombe) Male (USCB 2020) | AK44: ADM1 (Gombe) Female (USCB 2020) | AL44: ADM1 (Imo) Male (USCB 2020) | AM44: ADM1 (Imo) Female (USCB 2020) | AN44: ADM1 (Jigawa) Male (USCB 2020) | AO44: ADM1 (Jigawa) Female (USCB 2020) | AP44: ADM1 (Kaduna) Male (USCB 2020) | AQ44: ADM1 (Kaduna) Female (USCB 2020) | AR44: ADM1 (Kano) Male (USCB 2020) | AS44: ADM1 (Kano) Female (USCB 2020) | AT44: ADM1 (Katsina) Male (USCB 2020) | AU44: ADM1 (Katsina) Female (USCB 2020) | AV44: ADM1 (Kebbi) Male (USCB 2020) | AW44: ADM1 (Kebbi) Female (USCB 2020) | AX44: ADM1 (Kogi) Male (USCB 2020) | AY44: ADM1 (Kogi) Female (USCB 2020) | AZ44: ADM1 (Kwara) Male (USCB 2020) | BA44: ADM1 (Kwara) Female (USCB 2020) | BB44: ADM1 (Lagos) Male (USCB 2020) | BC44: ADM1 (Lagos) Female (USCB 2020) | BD44: ADM1 (Nawarawa) Male (USCB 2020) | BE44: ADM1 (Nawarawa) Female (USCB 2020) | BF44: ADM1 (Niger) Male (USCB 2020) | BG44: ADM1 (Niger) Female (USCB 2020) | BH44: ADM1 (Ogun) Male (USCB 2020) | BI44: ADM1 (Ogun) Female (USCB 2020) | BJ44: ADM1 (Ondo) Male (USCB 2020) | BK44: ADM1 (Ondo) Female (USCB 2020) | BL44: ADM1 (Osun) Male (USCB 2020) | BM44: ADM1 (Osun) Female (USCB 2020) | BN44: ADM1 (Oyo) Male (USCB 2020) | BO44: ADM1 (Oyo) Female (USCB 2020) | BP44: ADM1 (Plateau) Male (USCB 2020) | BQ44: ADM1 (Plateau) Female (USCB 2020) | BR44: ADM1 (Rivers) Male (USCB 2020) | BS44: ADM1 (Rivers) Female (USCB 2020) | BT44: ADM1 (Sokoto) Male (USCB 2020) | BU44: ADM1 (Sokoto) Female (USCB 2020) | BV44: ADM1 (Taraba) Male (USCB 2020) | BW44: ADM1 (Taraba) Female (USCB 2020) | BX44: ADM1 (Yobe) Male (USCB 2020) | BY44: ADM1 (Yobe) Female (USCB 2020) | BZ44: ADM1 (Zamfara) Male (USCB 2020) | CA44: ADM1 (Zamfara) Female (USCB 2020) | CB44: Male (USCB-WPP) | CC44: Female (USCB-WPP) | CD44: Male (USCB-WPP), % | CE44: Female (USCB-WPP), %
A45: 0-4 | B45: -17377466 | C45: 16561329 | D45: =INDEX($A$4:$AI$41,1,ROW(A2))*(-1) -> -17837020 | E45: =INDEX($A$4:$AI$41,1,ROW(A19)) -> 16969659 | F45: =INDEX($A$4:$AI$41,2,ROW(A2))*(-1) -> -218758 | G45: =INDEX($A$4:$AI$41,2,ROW(A19)) -> 210483 | H45: =INDEX($A$4:$AI$41,3,ROW(A2))*(-1) -> -391921 | I45: =INDEX($A$4:$AI$41,3,ROW(A19)) -> 372760 | J45: =INDEX($A$4:$AI$41,4,ROW(A2))*(-1) -> -345584 | K45: =INDEX($A$4:$AI$41,4,ROW(A19)) -> 326260 | L45: =INDEX($A$4:$AI$41,5,ROW(A2))*(-1) -> -332996 | M45: =INDEX($A$4:$AI$41,5,ROW(A19)) -> 319470 | N45: =INDEX($A$4:$AI$41,6,ROW(A2))*(-1) -> -679500 | O45: =INDEX($A$4:$AI$41,6,ROW(A19)) -> 639299 | P45: =INDEX($A$4:$AI$41,7,ROW(A2))*(-1) -> -158035 | Q45: =INDEX($A$4:$AI$41,7,ROW(A19)) -> 150454 | R45: =INDEX($A$4:$AI$41,8,ROW(A2))*(-1) -> -539300 | S45: =INDEX($A$4:$AI$41,8,ROW(A19)) -> 514586 | T45: =INDEX($A$4:$AI$41,9,ROW(A2))*(-1) -> -644945 | U45: =INDEX($A$4:$AI$41,9,ROW(A19)) -> 596867 | V45: =INDEX($A$4:$AI$41,10,ROW(A2))*(-1) -> -255470 | W45: =INDEX($A$4:$AI$41,10,ROW(A19)) -> 243102 | X45: =INDEX($A$4:$AI$41,11,ROW(A2))*(-1) -> -367102 | Y45: =INDEX($A$4:$AI$41,11,ROW(A19)) -> 352059 | Z45: =INDEX($A$4:$AI$41,12,ROW(A2))*(-1) -> -213833 | AA45: =INDEX($A$4:$AI$41,12,ROW(A19)) -> 207890 | AB45: =INDEX($A$4:$AI$41,13,ROW(A2))*(-1) -> -276429 | AC45: =INDEX($A$4:$AI$41,13,ROW(A19)) -> 261756 | AD45: =INDEX($A$4:$AI$41,14,ROW(A2))*(-1) -> -199031 | AE45: =INDEX($A$4:$AI$41,14,ROW(A19)) -> 188875 | AF45: =INDEX($A$4:$AI$41,15,ROW(A2))*(-1) -> -253101 | AG45: =INDEX($A$4:$AI$41,15,ROW(A19)) -> 250024 | AH45: =INDEX($A$4:$AI$41,16,ROW(A2))*(-1) -> -366734 | AI45: =INDEX($A$4:$AI$41,16,ROW(A19)) -> 368062 | AJ45: =INDEX($A$4:$AI$41,17,ROW(A2))*(-1) -> -334511 | AK45: =INDEX($A$4:$AI$41,17,ROW(A19)) -> 311596 | AL45: =INDEX($A$4:$AI$41,18,ROW(A2))*(-1) -> -325102 | AM45: =INDEX($A$4:$AI$41,18,ROW(A19)) -> 309242 | AN45: =INDEX($A$4:$AI$41,19,ROW(A2))*(-1) -> -614198 | AO45: =INDEX($A$4:$AI$41,19,ROW(A19)) -> 563813 | AP45: =INDEX($A$4:$AI$41,20,ROW(A2))*(-1) -> -844977 | AQ45: =INDEX($A$4:$AI$41,20,ROW(A19)) -> 821129 | AR45: =INDEX($A$4:$AI$41,21,ROW(A2))*(-1) -> -2685854 | AS45: =INDEX($A$4:$AI$41,21,ROW(A19)) -> 2512812 | AT45: =INDEX($A$4:$AI$41,22,ROW(A2))*(-1) -> -855762 | AU45: =INDEX($A$4:$AI$41,22,ROW(A19)) -> 792645 | AV45: =INDEX($A$4:$AI$41,23,ROW(A2))*(-1) -> -460815 | AW45: =INDEX($A$4:$AI$41,23,ROW(A19)) -> 434592 | AX45: =INDEX($A$4:$AI$41,24,ROW(A2))*(-1) -> -450046 | AY45: =INDEX($A$4:$AI$41,24,ROW(A19)) -> 427979 | AZ45: =INDEX($A$4:$AI$41,25,ROW(A19))*(-1) -> -283824 | BA45: =INDEX($A$4:$AI$41,25,ROW(A19)) -> 283824 | BB45: =INDEX($A$4:$AI$41,26,ROW(A2))*(-1) -> -938127 | BC45: =INDEX($A$4:$AI$41,26,ROW(A19)) -> 929948 | BD45: =INDEX($A$4:$AI$41,27,ROW(A2))*(-1) -> -242841 | BE45: =INDEX($A$4:$AI$41,27,ROW(A19)) -> 236564 | BF45: =INDEX($A$4:$AI$41,28,ROW(A2))*(-1) -> -569848 | BG45: =INDEX($A$4:$AI$41,28,ROW(A19)) -> 552571 | BH45: =INDEX($A$4:$AI$41,29,ROW(A2))*(-1) -> -403228 | BI45: =INDEX($A$4:$AI$41,29,ROW(A19)) -> 402034 | BJ45: =INDEX($A$4:$AI$41,30,ROW(A2))*(-1) -> -291722 | BK45: =INDEX($A$4:$AI$41,30,ROW(A19)) -> 281672 | BL45: =INDEX($A$4:$AI$41,31,ROW(A2))*(-1) -> -284829 | BM45: =INDEX($A$4:$AI$41,31,ROW(A19)) -> 269645 | BN45: =INDEX($A$4:$AI$41,32,ROW(A2))*(-1) -> -534705 | BO45: =INDEX($A$4:$AI$41,32,ROW(A19)) -> 514856 | BP45: =INDEX($A$4:$AI$41,33,ROW(A2))*(-1) -> -367791 | BQ45: =INDEX($A$4:$AI$41,33,ROW(A19)) -> 363253 | BR45: =INDEX($A$4:$AI$41,34,ROW(A2))*(-1) -> -467145 | BS45: =INDEX($A$4:$AI$41,34,ROW(A19)) -> 439406 | BT45: =INDEX($A$4:$AI$41,35,ROW(A2))*(-1) -> -517159 | BU45: =INDEX($A$4:$AI$41,35,ROW(A19)) -> 483508 | BV45: =INDEX($A$4:$AI$41,36,ROW(A2))*(-1) -> -286819 | BW45: =INDEX($A$4:$AI$41,36,ROW(A19)) -> 270297 | BX45: =INDEX($A$4:$AI$41,37,ROW(A2))*(-1) -> -352339 | BY45: =INDEX($A$4:$AI$41,37,ROW(A19)) -> 323610 | BZ45: =INDEX($A$4:$AI$41,38,ROW(A2))*(-1) -> -469509 | CA45: =INDEX($A$4:$AI$41,38,ROW(A19)) -> 442716 | CB45: =-D45-(-B45) -> 459554 | CC45: =E45-C45 -> 408330 | CD45: =CB45/(B45*-1) -> 0.026445398 | CE45: =CC45/C45 -> 0.02465563
A46: 5-9 | B46: -15287661 | C46: 14625985 | D46: =INDEX($A$4:$AI$41,1,ROW(A3))*(-1) -> -15502069 | E46: =INDEX($A$4:$AI$41,1,ROW(A20)) -> 14751712 | F46: =INDEX($A$4:$AI$41,2,ROW(A3))*(-1) -> -224631 | G46: =INDEX($A$4:$AI$41,2,ROW(A20)) -> 215867 | H46: =INDEX($A$4:$AI$41,3,ROW(A3))*(-1) -> -331150 | I46: =INDEX($A$4:$AI$41,3,ROW(A20)) -> 320576 | J46: =INDEX($A$4:$AI$41,4,ROW(A3))*(-1) -> -364957 | K46: =INDEX($A$4:$AI$41,4,ROW(A20)) -> 342223 | L46: =INDEX($A$4:$AI$41,5,ROW(A3))*(-1) -> -352714 | M46: =INDEX($A$4:$AI$41,5,ROW(A20)) -> 334304 | N46: =INDEX($A$4:$AI$41,6,ROW(A3))*(-1) -> -545659 | O46: =INDEX($A$4:$AI$41,6,ROW(A20)) -> 509011 | P46: =INDEX($A$4:$AI$41,7,ROW(A3))*(-1) -> -169405 | Q46: =INDEX($A$4:$AI$41,7,ROW(A20)) -> 157800 | R46: =INDEX($A$4:$AI$41,8,ROW(A3))*(-1) -> -445972 | S46: =INDEX($A$4:$AI$41,8,ROW(A20)) -> 431588 | T46: =INDEX($A$4:$AI$41,9,ROW(A3))*(-1) -> -544939 | U46: =INDEX($A$4:$AI$41,9,ROW(A20)) -> 492977 | V46: =INDEX($A$4:$AI$41,10,ROW(A3))*(-1) -> -263801 | W46: =INDEX($A$4:$AI$41,10,ROW(A20)) -> 247026 | X46: =INDEX($A$4:$AI$41,11,ROW(A3))*(-1) -> -363425 | Y46: =INDEX($A$4:$AI$41,11,ROW(A20)) -> 347139 | Z46: =INDEX($A$4:$AI$41,12,ROW(A3))*(-1) -> -203754 | AA46: =INDEX($A$4:$AI$41,12,ROW(A20)) -> 199710 | AB46: =INDEX($A$4:$AI$41,13,ROW(A3))*(-1) -> -267891 | AC46: =INDEX($A$4:$AI$41,13,ROW(A20)) -> 255925 | AD46: =INDEX($A$4:$AI$41,14,ROW(A3))*(-1) -> -218957 | AE46: =INDEX($A$4:$AI$41,14,ROW(A20)) -> 207004 | AF46: =INDEX($A$4:$AI$41,15,ROW(A3))*(-1) -> -254655 | AG46: =INDEX($A$4:$AI$41,15,ROW(A20)) -> 247712 | AH46: =INDEX($A$4:$AI$41,16,ROW(A3))*(-1) -> -281057 | AI46: =INDEX($A$4:$AI$41,16,ROW(A20)) -> 295804 | AJ46: =INDEX($A$4:$AI$41,17,ROW(A3))*(-1) -> -277281 | AK46: =INDEX($A$4:$AI$41,17,ROW(A20)) -> 241005 | AL46: =INDEX($A$4:$AI$41,18,ROW(A3))*(-1) -> -335341 | AM46: =INDEX($A$4:$AI$41,18,ROW(A20)) -> 315414 | AN46: =INDEX($A$4:$AI$41,19,ROW(A3))*(-1) -> -482852 | AO46: =INDEX($A$4:$AI$41,19,ROW(A20)) -> 459277 | AP46: =INDEX($A$4:$AI$41,20,ROW(A3))*(-1) -> -668389 | AQ46: =INDEX($A$4:$AI$41,20,ROW(A20)) -> 651306 | AR46: =INDEX($A$4:$AI$41,21,ROW(A3))*(-1) -> -2215912 | AS46: =INDEX($A$4:$AI$41,21,ROW(A20)) -> 2022430 | AT46: =INDEX($A$4:$AI$41,22,ROW(A3))*(-1) -> -663208 | AU46: =INDEX($A$4:$AI$41,22,ROW(A20)) -> 616698 | AV46: =INDEX($A$4:$AI$41,23,ROW(A3))*(-1) -> -375139 | AW46: =INDEX($A$4:$AI$41,23,ROW(A20)) -> 371716 | AX46: =INDEX($A$4:$AI$41,24,ROW(A3))*(-1) -> -357559 | AY46: =INDEX($A$4:$AI$41,24,ROW(A20)) -> 341146 | AZ46: =INDEX($A$4:$AI$41,25,ROW(A20))*(-1) -> -234528 | BA46: =INDEX($A$4:$AI$41,25,ROW(A20)) -> 234528 | BB46: =INDEX($A$4:$AI$41,26,ROW(A3))*(-1) -> -764124 | BC46: =INDEX($A$4:$AI$41,26,ROW(A20)) -> 779056 | BD46: =INDEX($A$4:$AI$41,27,ROW(A3))*(-1) -> -191349 | BE46: =INDEX($A$4:$AI$41,27,ROW(A20)) -> 186154 | BF46: =INDEX($A$4:$AI$41,28,ROW(A3))*(-1) -> -451692 | BG46: =INDEX($A$4:$AI$41,28,ROW(A20)) -> 435222 | BH46: =INDEX($A$4:$AI$41,29,ROW(A3))*(-1) -> -359666 | BI46: =INDEX($A$4:$AI$41,29,ROW(A20)) -> 357660 | BJ46: =INDEX($A$4:$AI$41,30,ROW(A3))*(-1) -> -302779 | BK46: =INDEX($A$4:$AI$41,30,ROW(A20)) -> 288410 | BL46: =INDEX($A$4:$AI$41,31,ROW(A3))*(-1) -> -305718 | BM46: =INDEX($A$4:$AI$41,31,ROW(A20)) -> 287556 | BN46: =INDEX($A$4:$AI$41,32,ROW(A3))*(-1) -> -545277 | BO46: =INDEX($A$4:$AI$41,32,ROW(A20)) -> 525498 | BP46: =INDEX($A$4:$AI$41,33,ROW(A3))*(-1) -> -315217 | BQ46: =INDEX($A$4:$AI$41,33,ROW(A20)) -> 318348 | BR46: =INDEX($A$4:$AI$41,34,ROW(A3))*(-1) -> -483709 | BS46: =INDEX($A$4:$AI$41,34,ROW(A20)) -> 454462 | BT46: =INDEX($A$4:$AI$41,35,ROW(A3))*(-1) -> -412046 | BU46: =INDEX($A$4:$AI$41,35,ROW(A20)) -> 391615 | BV46: =INDEX($A$4:$AI$41,36,ROW(A3))*(-1) -> -235530 | BW46: =INDEX($A$4:$AI$41,36,ROW(A20)) -> 223588 | BX46: =INDEX($A$4:$AI$41,37,ROW(A3))*(-1) -> -297650 | BY46: =INDEX($A$4:$AI$41,37,ROW(A20)) -> 275237 | BZ46: =INDEX($A$4:$AI$41,38,ROW(A3))*(-1) -> -380392 | CA46: =INDEX($A$4:$AI$41,38,ROW(A20)) -> 370720 | CB46: =-D46-(-B46) -> 214408 | CC46: =E46-C46 -> 125727 | CD46: =CB46/(B46*-1) -> 0.014024905 | CE46: =CC46/C46 -> 0.008596139
A47: 10-14 | B47: -13159355 | C47: 12633388 | D47: =INDEX($A$4:$AI$41,1,ROW(A4))*(-1) -> -13836239 | E47: =INDEX($A$4:$AI$41,1,ROW(A21)) -> 13072833 | F47: =INDEX($A$4:$AI$41,2,ROW(A4))*(-1) -> -252614 | G47: =INDEX($A$4:$AI$41,2,ROW(A21)) -> 248705 | H47: =INDEX($A$4:$AI$41,3,ROW(A4))*(-1) -> -277805 | I47: =INDEX($A$4:$AI$41,3,ROW(A21)) -> 273011 | J47: =INDEX($A$4:$AI$41,4,ROW(A4))*(-1) -> -371722 | K47: =INDEX($A$4:$AI$41,4,ROW(A21)) -> 353787 | L47: =INDEX($A$4:$AI$41,5,ROW(A4))*(-1) -> -388676 | M47: =INDEX($A$4:$AI$41,5,ROW(A21)) -> 379733 | N47: =INDEX($A$4:$AI$41,6,ROW(A4))*(-1) -> -442014 | O47: =INDEX($A$4:$AI$41,6,ROW(A21)) -> 402259 | P47: =INDEX($A$4:$AI$41,7,ROW(A4))*(-1) -> -167379 | Q47: =INDEX($A$4:$AI$41,7,ROW(A21)) -> 157102 | R47: =INDEX($A$4:$AI$41,8,ROW(A4))*(-1) -> -382231 | S47: =INDEX($A$4:$AI$41,8,ROW(A21)) -> 371409 | T47: =INDEX($A$4:$AI$41,9,ROW(A4))*(-1) -> -421873 | U47: =INDEX($A$4:$AI$41,9,ROW(A21)) -> 369247 | V47: =INDEX($A$4:$AI$41,10,ROW(A4))*(-1) -> -260335 | W47: =INDEX($A$4:$AI$41,10,ROW(A21)) -> 247067 | X47: =INDEX($A$4:$AI$41,11,ROW(A4))*(-1) -> -373194 | Y47: =INDEX($A$4:$AI$41,11,ROW(A21)) -> 365330 | Z47: =INDEX($A$4:$AI$41,12,ROW(A4))*(-1) -> -197034 | AA47: =INDEX($A$4:$AI$41,12,ROW(A21)) -> 194554 | AB47: =INDEX($A$4:$AI$41,13,ROW(A4))*(-1) -> -273219 | AC47: =INDEX($A$4:$AI$41,13,ROW(A21)) -> 267795 | AD47: =INDEX($A$4:$AI$41,14,ROW(A4))*(-1) -> -241674 | AE47: =INDEX($A$4:$AI$41,14,ROW(A21)) -> 230520 | AF47: =INDEX($A$4:$AI$41,15,ROW(A4))*(-1) -> -277433 | AG47: =INDEX($A$4:$AI$41,15,ROW(A21)) -> 283922 | AH47: =INDEX($A$4:$AI$41,16,ROW(A4))*(-1) -> -232913 | AI47: =INDEX($A$4:$AI$41,16,ROW(A21)) -> 274169 | AJ47: =INDEX($A$4:$AI$41,17,ROW(A4))*(-1) -> -248163 | AK47: =INDEX($A$4:$AI$41,17,ROW(A21)) -> 198060 | AL47: =INDEX($A$4:$AI$41,18,ROW(A4))*(-1) -> -361868 | AM47: =INDEX($A$4:$AI$41,18,ROW(A21)) -> 350304 | AN47: =INDEX($A$4:$AI$41,19,ROW(A4))*(-1) -> -358722 | AO47: =INDEX($A$4:$AI$41,19,ROW(A21)) -> 339830 | AP47: =INDEX($A$4:$AI$41,20,ROW(A4))*(-1) -> -555616 | AQ47: =INDEX($A$4:$AI$41,20,ROW(A21)) -> 531399 | AR47: =INDEX($A$4:$AI$41,21,ROW(A4))*(-1) -> -1899992 | AS47: =INDEX($A$4:$AI$41,21,ROW(A21)) -> 1533772 | AT47: =INDEX($A$4:$AI$41,22,ROW(A4))*(-1) -> -516254 | AU47: =INDEX($A$4:$AI$41,22,ROW(A21)) -> 472450 | AV47: =INDEX($A$4:$AI$41,23,ROW(A4))*(-1) -> -281316 | AW47: =INDEX($A$4:$AI$41,23,ROW(A21)) -> 266665 | AX47: =INDEX($A$4:$AI$41,24,ROW(A4))*(-1) -> -307624 | AY47: =INDEX($A$4:$AI$41,24,ROW(A21)) -> 294002 | AZ47: =INDEX($A$4:$AI$41,25,ROW(A21))*(-1) -> -203623 | BA47: =INDEX($A$4:$AI$41,25,ROW(A21)) -> 203623 | BB47: =INDEX($A$4:$AI$41,26,ROW(A4))*(-1) -> -711671 | BC47: =INDEX($A$4:$AI$41,26,ROW(A21)) -> 790382 | BD47: =INDEX($A$4:$AI$41,27,ROW(A4))*(-1) -> -159821 | BE47: =INDEX($A$4:$AI$41,27,ROW(A21)) -> 154587 | BF47: =INDEX($A$4:$AI$41,28,ROW(A4))*(-1) -> -357464 | BG47: =INDEX($A$4:$AI$41,28,ROW(A21)) -> 340390 | BH47: =INDEX($A$4:$AI$41,29,ROW(A4))*(-1) -> -335879 | BI47: =INDEX($A$4:$AI$41,29,ROW(A21)) -> 345551 | BJ47: =INDEX($A$4:$AI$41,30,ROW(A4))*(-1) -> -308683 | BK47: =INDEX($A$4:$AI$41,30,ROW(A21)) -> 297653 | BL47: =INDEX($A$4:$AI$41,31,ROW(A4))*(-1) -> -317281 | BM47: =INDEX($A$4:$AI$41,31,ROW(A21)) -> 304310 | BN47: =INDEX($A$4:$AI$41,32,ROW(A4))*(-1) -> -543253 | BO47: =INDEX($A$4:$AI$41,32,ROW(A21)) -> 530774 | BP47: =INDEX($A$4:$AI$41,33,ROW(A4))*(-1) -> -275211 | BQ47: =INDEX($A$4:$AI$41,33,ROW(A21)) -> 280912 | BR47: =INDEX($A$4:$AI$41,34,ROW(A4))*(-1) -> -501004 | BS47: =INDEX($A$4:$AI$41,34,ROW(A21)) -> 482578 | BT47: =INDEX($A$4:$AI$41,35,ROW(A4))*(-1) -> -311710 | BU47: =INDEX($A$4:$AI$41,35,ROW(A21)) -> 281259 | BV47: =INDEX($A$4:$AI$41,36,ROW(A4))*(-1) -> -193204 | BW47: =INDEX($A$4:$AI$41,36,ROW(A21)) -> 183550 | BX47: =INDEX($A$4:$AI$41,37,ROW(A4))*(-1) -> -235695 | BY47: =INDEX($A$4:$AI$41,37,ROW(A21)) -> 213349 | BZ47: =INDEX($A$4:$AI$41,38,ROW(A4))*(-1) -> -281118 | CA47: =INDEX($A$4:$AI$41,38,ROW(A21)) -> 258823 | CB47: =-D47-(-B47) -> 676884 | CC47: =E47-C47 -> 439445 | CD47: =CB47/(B47*-1) -> 0.051437475 | CE47: =CC47/C47 -> 0.034784414
A48: 15-19 | B48: -11151483 | C48: 10758964 | D48: =INDEX($A$4:$AI$41,1,ROW(A5))*(-1) -> -12293689 | E48: =INDEX($A$4:$AI$41,1,ROW(A22)) -> 11639983 | F48: =INDEX($A$4:$AI$41,2,ROW(A5))*(-1) -> -244697 | G48: =INDEX($A$4:$AI$41,2,ROW(A22)) -> 235360 | H48: =INDEX($A$4:$AI$41,3,ROW(A5))*(-1) -> -238530 | I48: =INDEX($A$4:$AI$41,3,ROW(A22)) -> 233204 | J48: =INDEX($A$4:$AI$41,4,ROW(A5))*(-1) -> -355275 | K48: =INDEX($A$4:$AI$41,4,ROW(A22)) -> 329383 | L48: =INDEX($A$4:$AI$41,5,ROW(A5))*(-1) -> -376016 | M48: =INDEX($A$4:$AI$41,5,ROW(A22)) -> 357447 | N48: =INDEX($A$4:$AI$41,6,ROW(A5))*(-1) -> -362751 | O48: =INDEX($A$4:$AI$41,6,ROW(A22)) -> 352254 | P48: =INDEX($A$4:$AI$41,7,ROW(A5))*(-1) -> -160580 | Q48: =INDEX($A$4:$AI$41,7,ROW(A22)) -> 144745 | R48: =INDEX($A$4:$AI$41,8,ROW(A5))*(-1) -> -330874 | S48: =INDEX($A$4:$AI$41,8,ROW(A22)) -> 318050 | T48: =INDEX($A$4:$AI$41,9,ROW(A5))*(-1) -> -348897 | U48: =INDEX($A$4:$AI$41,9,ROW(A22)) -> 326928 | V48: =INDEX($A$4:$AI$41,10,ROW(A5))*(-1) -> -242320 | W48: =INDEX($A$4:$AI$41,10,ROW(A22)) -> 228463 | X48: =INDEX($A$4:$AI$41,11,ROW(A5))*(-1) -> -353940 | Y48: =INDEX($A$4:$AI$41,11,ROW(A22)) -> 333023 | Z48: =INDEX($A$4:$AI$41,12,ROW(A5))*(-1) -> -176671 | AA48: =INDEX($A$4:$AI$41,12,ROW(A22)) -> 179000 | AB48: =INDEX($A$4:$AI$41,13,ROW(A5))*(-1) -> -262779 | AC48: =INDEX($A$4:$AI$41,13,ROW(A22)) -> 245304 | AD48: =INDEX($A$4:$AI$41,14,ROW(A5))*(-1) -> -231477 | AE48: =INDEX($A$4:$AI$41,14,ROW(A22)) -> 217058 | AF48: =INDEX($A$4:$AI$41,15,ROW(A5))*(-1) -> -261039 | AG48: =INDEX($A$4:$AI$41,15,ROW(A22)) -> 274784 | AH48: =INDEX($A$4:$AI$41,16,ROW(A5))*(-1) -> -202152 | AI48: =INDEX($A$4:$AI$41,16,ROW(A22)) -> 226094 | AJ48: =INDEX($A$4:$AI$41,17,ROW(A5))*(-1) -> -209659 | AK48: =INDEX($A$4:$AI$41,17,ROW(A22)) -> 174248 | AL48: =INDEX($A$4:$AI$41,18,ROW(A5))*(-1) -> -349158 | AM48: =INDEX($A$4:$AI$41,18,ROW(A22)) -> 327225 | AN48: =INDEX($A$4:$AI$41,19,ROW(A5))*(-1) -> -291747 | AO48: =INDEX($A$4:$AI$41,19,ROW(A22)) -> 300660 | AP48: =INDEX($A$4:$AI$41,20,ROW(A5))*(-1) -> -471968 | AQ48: =INDEX($A$4:$AI$41,20,ROW(A22)) -> 466750 | AR48: =INDEX($A$4:$AI$41,21,ROW(A5))*(-1) -> -1623792 | AS48: =INDEX($A$4:$AI$41,21,ROW(A22)) -> 1331018 | AT48: =INDEX($A$4:$AI$41,22,ROW(A5))*(-1) -> -413287 | AU48: =INDEX($A$4:$AI$41,22,ROW(A22)) -> 409151 | AV48: =INDEX($A$4:$AI$41,23,ROW(A5))*(-1) -> -222841 | AW48: =INDEX($A$4:$AI$41,23,ROW(A22)) -> 225813 | AX48: =INDEX($A$4:$AI$41,24,ROW(A5))*(-1) -> -267299 | AY48: =INDEX($A$4:$AI$41,24,ROW(A22)) -> 256409 | AZ48: =INDEX($A$4:$AI$41,25,ROW(A22))*(-1) -> -173044 | BA48: =INDEX($A$4:$AI$41,25,ROW(A22)) -> 173044 | BB48: =INDEX($A$4:$AI$41,26,ROW(A5))*(-1) -> -726172 | BC48: =INDEX($A$4:$AI$41,26,ROW(A22)) -> 739251 | BD48: =INDEX($A$4:$AI$41,27,ROW(A5))*(-1) -> -139754 | BE48: =INDEX($A$4:$AI$41,27,ROW(A22)) -> 136138 | BF48: =INDEX($A$4:$AI$41,28,ROW(A5))*(-1) -> -294639 | BG48: =INDEX($A$4:$AI$41,28,ROW(A22)) -> 300216 | BH48: =INDEX($A$4:$AI$41,29,ROW(A5))*(-1) -> -300405 | BI48: =INDEX($A$4:$AI$41,29,ROW(A22)) -> 287097 | BJ48: =INDEX($A$4:$AI$41,30,ROW(A5))*(-1) -> -286443 | BK48: =INDEX($A$4:$AI$41,30,ROW(A22)) -> 259536 | BL48: =INDEX($A$4:$AI$41,31,ROW(A5))*(-1) -> -303336 | BM48: =INDEX($A$4:$AI$41,31,ROW(A22)) -> 274168 | BN48: =INDEX($A$4:$AI$41,32,ROW(A5))*(-1) -> -490036 | BO48: =INDEX($A$4:$AI$41,32,ROW(A22)) -> 450923 | BP48: =INDEX($A$4:$AI$41,33,ROW(A5))*(-1) -> -242035 | BQ48: =INDEX($A$4:$AI$41,33,ROW(A22)) -> 242134 | BR48: =INDEX($A$4:$AI$41,34,ROW(A5))*(-1) -> -488748 | BS48: =INDEX($A$4:$AI$41,34,ROW(A22)) -> 452184 | BT48: =INDEX($A$4:$AI$41,35,ROW(A5))*(-1) -> -252713 | BU48: =INDEX($A$4:$AI$41,35,ROW(A22)) -> 247273 | BV48: =INDEX($A$4:$AI$41,36,ROW(A5))*(-1) -> -164686 | BW48: =INDEX($A$4:$AI$41,36,ROW(A22)) -> 160731 | BX48: =INDEX($A$4:$AI$41,37,ROW(A5))*(-1) -> -196869 | BY48: =INDEX($A$4:$AI$41,37,ROW(A22)) -> 190216 | BZ48: =INDEX($A$4:$AI$41,38,ROW(A5))*(-1) -> -224523 | CA48: =INDEX($A$4:$AI$41,38,ROW(A22)) -> 234701 | CB48: =-D48-(-B48) -> 1142206 | CC48: =E48-C48 -> 881019 | CD48: =CB48/(B48*-1) -> 0.10242638 | CE48: =CC48/C48 -> 0.081886974
A49: 20-24 | B49: -9170281 | C49: 8898293 | D49: =INDEX($A$4:$AI$41,1,ROW(A6))*(-1) -> -10051901 | E49: =INDEX($A$4:$AI$41,1,ROW(A23)) -> 9674868 | F49: =INDEX($A$4:$AI$41,2,ROW(A6))*(-1) -> -197853 | G49: =INDEX($A$4:$AI$41,2,ROW(A23)) -> 175331 | H49: =INDEX($A$4:$AI$41,3,ROW(A6))*(-1) -> -190232 | I49: =INDEX($A$4:$AI$41,3,ROW(A23)) -> 190216 | J49: =INDEX($A$4:$AI$41,4,ROW(A6))*(-1) -> -285723 | K49: =INDEX($A$4:$AI$41,4,ROW(A23)) -> 246884 | L49: =INDEX($A$4:$AI$41,5,ROW(A6))*(-1) -> -304587 | M49: =INDEX($A$4:$AI$41,5,ROW(A23)) -> 273463 | N49: =INDEX($A$4:$AI$41,6,ROW(A6))*(-1) -> -260764 | O49: =INDEX($A$4:$AI$41,6,ROW(A23)) -> 285240 | P49: =INDEX($A$4:$AI$41,7,ROW(A6))*(-1) -> -128084 | Q49: =INDEX($A$4:$AI$41,7,ROW(A23)) -> 109296 | R49: =INDEX($A$4:$AI$41,8,ROW(A6))*(-1) -> -247899 | S49: =INDEX($A$4:$AI$41,8,ROW(A23)) -> 248992 | T49: =INDEX($A$4:$AI$41,9,ROW(A6))*(-1) -> -270790 | U49: =INDEX($A$4:$AI$41,9,ROW(A23)) -> 285460 | V49: =INDEX($A$4:$AI$41,10,ROW(A6))*(-1) -> -199798 | W49: =INDEX($A$4:$AI$41,10,ROW(A23)) -> 177638 | X49: =INDEX($A$4:$AI$41,11,ROW(A6))*(-1) -> -297603 | Y49: =INDEX($A$4:$AI$41,11,ROW(A23)) -> 263756 | Z49: =INDEX($A$4:$AI$41,12,ROW(A6))*(-1) -> -132083 | AA49: =INDEX($A$4:$AI$41,12,ROW(A23)) -> 125519 | AB49: =INDEX($A$4:$AI$41,13,ROW(A6))*(-1) -> -244690 | AC49: =INDEX($A$4:$AI$41,13,ROW(A23)) -> 206957 | AD49: =INDEX($A$4:$AI$41,14,ROW(A6))*(-1) -> -198471 | AE49: =INDEX($A$4:$AI$41,14,ROW(A23)) -> 175326 | AF49: =INDEX($A$4:$AI$41,15,ROW(A6))*(-1) -> -221637 | AG49: =INDEX($A$4:$AI$41,15,ROW(A23)) -> 217205 | AH49: =INDEX($A$4:$AI$41,16,ROW(A6))*(-1) -> -248382 | AI49: =INDEX($A$4:$AI$41,16,ROW(A23)) -> 240570 | AJ49: =INDEX($A$4:$AI$41,17,ROW(A6))*(-1) -> -149392 | AK49: =INDEX($A$4:$AI$41,17,ROW(A23)) -> 138293 | AL49: =INDEX($A$4:$AI$41,18,ROW(A6))*(-1) -> -279447 | AM49: =INDEX($A$4:$AI$41,18,ROW(A23)) -> 246833 | AN49: =INDEX($A$4:$AI$41,19,ROW(A6))*(-1) -> -208354 | AO49: =INDEX($A$4:$AI$41,19,ROW(A23)) -> 259361 | AP49: =INDEX($A$4:$AI$41,20,ROW(A6))*(-1) -> -365548 | AQ49: =INDEX($A$4:$AI$41,20,ROW(A23)) -> 381545 | AR49: =INDEX($A$4:$AI$41,21,ROW(A6))*(-1) -> -1145504 | AS49: =INDEX($A$4:$AI$41,21,ROW(A23)) -> 1130742 | AT49: =INDEX($A$4:$AI$41,22,ROW(A6))*(-1) -> -298887 | AU49: =INDEX($A$4:$AI$41,22,ROW(A23)) -> 341581 | AV49: =INDEX($A$4:$AI$41,23,ROW(A6))*(-1) -> -159983 | AW49: =INDEX($A$4:$AI$41,23,ROW(A23)) -> 195292 | AX49: =INDEX($A$4:$AI$41,24,ROW(A6))*(-1) -> -205971 | AY49: =INDEX($A$4:$AI$41,24,ROW(A23)) -> 205935 | AZ49: =INDEX($A$4:$AI$41,25,ROW(A23))*(-1) -> -143444 | BA49: =INDEX($A$4:$AI$41,25,ROW(A23)) -> 143444 | BB49: =INDEX($A$4:$AI$41,26,ROW(A6))*(-1) -> -910295 | BC49: =INDEX($A$4:$AI$41,26,ROW(A23)) -> 748929 | BD49: =INDEX($A$4:$AI$41,27,ROW(A6))*(-1) -> -109763 | BE49: =INDEX($A$4:$AI$41,27,ROW(A23)) -> 114094 | BF49: =INDEX($A$4:$AI$41,28,ROW(A6))*(-1) -> -230006 | BG49: =INDEX($A$4:$AI$41,28,ROW(A23)) -> 253403 | BH49: =INDEX($A$4:$AI$41,29,ROW(A6))*(-1) -> -285927 | BI49: =INDEX($A$4:$AI$41,29,ROW(A23)) -> 258573 | BJ49: =INDEX($A$4:$AI$41,30,ROW(A6))*(-1) -> -235225 | BK49: =INDEX($A$4:$AI$41,30,ROW(A23)) -> 199677 | BL49: =INDEX($A$4:$AI$41,31,ROW(A6))*(-1) -> -257958 | BM49: =INDEX($A$4:$AI$41,31,ROW(A23)) -> 212150 | BN49: =INDEX($A$4:$AI$41,32,ROW(A6))*(-1) -> -415062 | BO49: =INDEX($A$4:$AI$41,32,ROW(A23)) -> 361253 | BP49: =INDEX($A$4:$AI$41,33,ROW(A6))*(-1) -> -188817 | BQ49: =INDEX($A$4:$AI$41,33,ROW(A23)) -> 193128 | BR49: =INDEX($A$4:$AI$41,34,ROW(A6))*(-1) -> -421265 | BS49: =INDEX($A$4:$AI$41,34,ROW(A23)) -> 358916 | BT49: =INDEX($A$4:$AI$41,35,ROW(A6))*(-1) -> -179138 | BU49: =INDEX($A$4:$AI$41,35,ROW(A23)) -> 213704 | BV49: =INDEX($A$4:$AI$41,36,ROW(A6))*(-1) -> -125104 | BW49: =INDEX($A$4:$AI$41,36,ROW(A23)) -> 132772 | BX49: =INDEX($A$4:$AI$41,37,ROW(A6))*(-1) -> -145758 | BY49: =INDEX($A$4:$AI$41,37,ROW(A23)) -> 158723 | BZ49: =INDEX($A$4:$AI$41,38,ROW(A6))*(-1) -> -157264 | CA49: =INDEX($A$4:$AI$41,38,ROW(A23)) -> 204667 | CB49: =-D49-(-B49) -> 881620 | CC49: =E49-C49 -> 776575 | CD49: =CB49/(B49*-1) -> 0.096138821 | CE49: =CC49/C49 -> 0.087272357
A50: 25-29 | B50: -7660610 | C50: 7448235 | D50: =INDEX($A$4:$AI$41,1,ROW(A7))*(-1) -> -8480707 | E50: =INDEX($A$4:$AI$41,1,ROW(A24)) -> 8167582 | F50: =INDEX($A$4:$AI$41,2,ROW(A7))*(-1) -> -147846 | G50: =INDEX($A$4:$AI$41,2,ROW(A24)) -> 141231 | H50: =INDEX($A$4:$AI$41,3,ROW(A7))*(-1) -> -160292 | I50: =INDEX($A$4:$AI$41,3,ROW(A24)) -> 155723 | J50: =INDEX($A$4:$AI$41,4,ROW(A7))*(-1) -> -216091 | K50: =INDEX($A$4:$AI$41,4,ROW(A24)) -> 207987 | L50: =INDEX($A$4:$AI$41,5,ROW(A7))*(-1) -> -232124 | M50: =INDEX($A$4:$AI$41,5,ROW(A24)) -> 225850 | N50: =INDEX($A$4:$AI$41,6,ROW(A7))*(-1) -> -223221 | O50: =INDEX($A$4:$AI$41,6,ROW(A24)) -> 235858 | P50: =INDEX($A$4:$AI$41,7,ROW(A7))*(-1) -> -98740 | Q50: =INDEX($A$4:$AI$41,7,ROW(A24)) -> 93373 | R50: =INDEX($A$4:$AI$41,8,ROW(A7))*(-1) -> -201198 | S50: =INDEX($A$4:$AI$41,8,ROW(A24)) -> 199610 | T50: =INDEX($A$4:$AI$41,9,ROW(A7))*(-1) -> -233981 | U50: =INDEX($A$4:$AI$41,9,ROW(A24)) -> 230533 | V50: =INDEX($A$4:$AI$41,10,ROW(A7))*(-1) -> -157222 | W50: =INDEX($A$4:$AI$41,10,ROW(A24)) -> 145558 | X50: =INDEX($A$4:$AI$41,11,ROW(A7))*(-1) -> -227942 | Y50: =INDEX($A$4:$AI$41,11,ROW(A24)) -> 214716 | Z50: =INDEX($A$4:$AI$41,12,ROW(A7))*(-1) -> -95485 | AA50: =INDEX($A$4:$AI$41,12,ROW(A24)) -> 104915 | AB50: =INDEX($A$4:$AI$41,13,ROW(A7))*(-1) -> -191737 | AC50: =INDEX($A$4:$AI$41,13,ROW(A24)) -> 164130 | AD50: =INDEX($A$4:$AI$41,14,ROW(A7))*(-1) -> -134938 | AE50: =INDEX($A$4:$AI$41,14,ROW(A24)) -> 125783 | AF50: =INDEX($A$4:$AI$41,15,ROW(A7))*(-1) -> -158394 | AG50: =INDEX($A$4:$AI$41,15,ROW(A24)) -> 161621 | AH50: =INDEX($A$4:$AI$41,16,ROW(A7))*(-1) -> -310563 | AI50: =INDEX($A$4:$AI$41,16,ROW(A24)) -> 239062 | AJ50: =INDEX($A$4:$AI$41,17,ROW(A7))*(-1) -> -119694 | AK50: =INDEX($A$4:$AI$41,17,ROW(A24)) -> 116708 | AL50: =INDEX($A$4:$AI$41,18,ROW(A7))*(-1) -> -203489 | AM50: =INDEX($A$4:$AI$41,18,ROW(A24)) -> 201853 | AN50: =INDEX($A$4:$AI$41,19,ROW(A7))*(-1) -> -184644 | AO50: =INDEX($A$4:$AI$41,19,ROW(A24)) -> 214203 | AP50: =INDEX($A$4:$AI$41,20,ROW(A7))*(-1) -> -317880 | AQ50: =INDEX($A$4:$AI$41,20,ROW(A24)) -> 319033 | AR50: =INDEX($A$4:$AI$41,21,ROW(A7))*(-1) -> -962806 | AS50: =INDEX($A$4:$AI$41,21,ROW(A24)) -> 942938 | AT50: =INDEX($A$4:$AI$41,22,ROW(A7))*(-1) -> -261265 | AU50: =INDEX($A$4:$AI$41,22,ROW(A24)) -> 287685 | AV50: =INDEX($A$4:$AI$41,23,ROW(A7))*(-1) -> -153342 | AW50: =INDEX($A$4:$AI$41,23,ROW(A24)) -> 166637 | AX50: =INDEX($A$4:$AI$41,24,ROW(A7))*(-1) -> -173343 | AY50: =INDEX($A$4:$AI$41,24,ROW(A24)) -> 178793 | AZ50: =INDEX($A$4:$AI$41,25,ROW(A24))*(-1) -> -125168 | BA50: =INDEX($A$4:$AI$41,25,ROW(A24)) -> 125168 | BB50: =INDEX($A$4:$AI$41,26,ROW(A7))*(-1) -> -888836 | BC50: =INDEX($A$4:$AI$41,26,ROW(A24)) -> 689190 | BD50: =INDEX($A$4:$AI$41,27,ROW(A7))*(-1) -> -96818 | BE50: =INDEX($A$4:$AI$41,27,ROW(A24)) -> 98118 | BF50: =INDEX($A$4:$AI$41,28,ROW(A7))*(-1) -> -209805 | BG50: =INDEX($A$4:$AI$41,28,ROW(A24)) -> 217287 | BH50: =INDEX($A$4:$AI$41,29,ROW(A7))*(-1) -> -248353 | BI50: =INDEX($A$4:$AI$41,29,ROW(A24)) -> 232009 | BJ50: =INDEX($A$4:$AI$41,30,ROW(A7))*(-1) -> -179772 | BK50: =INDEX($A$4:$AI$41,30,ROW(A24)) -> 172354 | BL50: =INDEX($A$4:$AI$41,31,ROW(A7))*(-1) -> -190982 | BM50: =INDEX($A$4:$AI$41,31,ROW(A24)) -> 178089 | BN50: =INDEX($A$4:$AI$41,32,ROW(A7))*(-1) -> -330275 | BO50: =INDEX($A$4:$AI$41,32,ROW(A24)) -> 320194 | BP50: =INDEX($A$4:$AI$41,33,ROW(A7))*(-1) -> -165794 | BQ50: =INDEX($A$4:$AI$41,33,ROW(A24)) -> 160033 | BR50: =INDEX($A$4:$AI$41,34,ROW(A7))*(-1) -> -333130 | BS50: =INDEX($A$4:$AI$41,34,ROW(A24)) -> 303559 | BT50: =INDEX($A$4:$AI$41,35,ROW(A7))*(-1) -> -159134 | BU50: =INDEX($A$4:$AI$41,35,ROW(A24)) -> 186430 | BV50: =INDEX($A$4:$AI$41,36,ROW(A7))*(-1) -> -111914 | BW50: =INDEX($A$4:$AI$41,36,ROW(A24)) -> 113259 | BX50: =INDEX($A$4:$AI$41,37,ROW(A7))*(-1) -> -127356 | BY50: =INDEX($A$4:$AI$41,37,ROW(A24)) -> 126035 | BZ50: =INDEX($A$4:$AI$41,38,ROW(A7))*(-1) -> -149130 | CA50: =INDEX($A$4:$AI$41,38,ROW(A24)) -> 172057 | CB50: =-D50-(-B50) -> 820097 | CC50: =E50-C50 -> 719347 | CD50: =CB50/(B50*-1) -> 0.10705375 | CE50: =CC50/C50 -> 0.096579525
A51: 30-34 | B51: -6613972 | C51: 6430540 | D51: =INDEX($A$4:$AI$41,1,ROW(A8))*(-1) -> -7284102 | E51: =INDEX($A$4:$AI$41,1,ROW(A25)) -> 6947084 | F51: =INDEX($A$4:$AI$41,2,ROW(A8))*(-1) -> -119759 | G51: =INDEX($A$4:$AI$41,2,ROW(A25)) -> 124752 | H51: =INDEX($A$4:$AI$41,3,ROW(A8))*(-1) -> -138807 | I51: =INDEX($A$4:$AI$41,3,ROW(A25)) -> 131631 | J51: =INDEX($A$4:$AI$41,4,ROW(A8))*(-1) -> -174848 | K51: =INDEX($A$4:$AI$41,4,ROW(A25)) -> 184349 | L51: =INDEX($A$4:$AI$41,5,ROW(A8))*(-1) -> -187703 | M51: =INDEX($A$4:$AI$41,5,ROW(A25)) -> 193788 | N51: =INDEX($A$4:$AI$41,6,ROW(A8))*(-1) -> -203035 | O51: =INDEX($A$4:$AI$41,6,ROW(A25)) -> 198776 | P51: =INDEX($A$4:$AI$41,7,ROW(A8))*(-1) -> -82485 | Q51: =INDEX($A$4:$AI$41,7,ROW(A25)) -> 84237 | R51: =INDEX($A$4:$AI$41,8,ROW(A8))*(-1) -> -173256 | S51: =INDEX($A$4:$AI$41,8,ROW(A25)) -> 168682 | T51: =INDEX($A$4:$AI$41,9,ROW(A8))*(-1) -> -220992 | U51: =INDEX($A$4:$AI$41,9,ROW(A25)) -> 201616 | V51: =INDEX($A$4:$AI$41,10,ROW(A8))*(-1) -> -125944 | W51: =INDEX($A$4:$AI$41,10,ROW(A25)) -> 127746 | X51: =INDEX($A$4:$AI$41,11,ROW(A8))*(-1) -> -182870 | Y51: =INDEX($A$4:$AI$41,11,ROW(A25)) -> 186714 | Z51: =INDEX($A$4:$AI$41,12,ROW(A8))*(-1) -> -79584 | AA51: =INDEX($A$4:$AI$41,12,ROW(A25)) -> 94035 | AB51: =INDEX($A$4:$AI$41,13,ROW(A8))*(-1) -> -140876 | AC51: =INDEX($A$4:$AI$41,13,ROW(A25)) -> 137442 | AD51: =INDEX($A$4:$AI$41,14,ROW(A8))*(-1) -> -101395 | AE51: =INDEX($A$4:$AI$41,14,ROW(A25)) -> 105683 | AF51: =INDEX($A$4:$AI$41,15,ROW(A8))*(-1) -> -118345 | AG51: =INDEX($A$4:$AI$41,15,ROW(A25)) -> 140126 | AH51: =INDEX($A$4:$AI$41,16,ROW(A8))*(-1) -> -263226 | AI51: =INDEX($A$4:$AI$41,16,ROW(A25)) -> 186691 | AJ51: =INDEX($A$4:$AI$41,17,ROW(A8))*(-1) -> -104192 | AK51: =INDEX($A$4:$AI$41,17,ROW(A25)) -> 95232 | AL51: =INDEX($A$4:$AI$41,18,ROW(A8))*(-1) -> -163543 | AM51: =INDEX($A$4:$AI$41,18,ROW(A25)) -> 178926 | AN51: =INDEX($A$4:$AI$41,19,ROW(A8))*(-1) -> -192209 | AO51: =INDEX($A$4:$AI$41,19,ROW(A25)) -> 193560 | AP51: =INDEX($A$4:$AI$41,20,ROW(A8))*(-1) -> -275283 | AQ51: =INDEX($A$4:$AI$41,20,ROW(A25)) -> 260737 | AR51: =INDEX($A$4:$AI$41,21,ROW(A8))*(-1) -> -873748 | AS51: =INDEX($A$4:$AI$41,21,ROW(A25)) -> 806562 | AT51: =INDEX($A$4:$AI$41,22,ROW(A8))*(-1) -> -246915 | AU51: =INDEX($A$4:$AI$41,22,ROW(A25)) -> 243017 | AV51: =INDEX($A$4:$AI$41,23,ROW(A8))*(-1) -> -138763 | AW51: =INDEX($A$4:$AI$41,23,ROW(A25)) -> 136434 | AX51: =INDEX($A$4:$AI$41,24,ROW(A8))*(-1) -> -150802 | AY51: =INDEX($A$4:$AI$41,24,ROW(A25)) -> 149077 | AZ51: =INDEX($A$4:$AI$41,25,ROW(A25))*(-1) -> -104685 | BA51: =INDEX($A$4:$AI$41,25,ROW(A25)) -> 104685 | BB51: =INDEX($A$4:$AI$41,26,ROW(A8))*(-1) -> -732696 | BC51: =INDEX($A$4:$AI$41,26,ROW(A25)) -> 569628 | BD51: =INDEX($A$4:$AI$41,27,ROW(A8))*(-1) -> -83448 | BE51: =INDEX($A$4:$AI$41,27,ROW(A25)) -> 77887 | BF51: =INDEX($A$4:$AI$41,28,ROW(A8))*(-1) -> -188691 | BG51: =INDEX($A$4:$AI$41,28,ROW(A25)) -> 173566 | BH51: =INDEX($A$4:$AI$41,29,ROW(A8))*(-1) -> -210296 | BI51: =INDEX($A$4:$AI$41,29,ROW(A25)) -> 201769 | BJ51: =INDEX($A$4:$AI$41,30,ROW(A8))*(-1) -> -146198 | BK51: =INDEX($A$4:$AI$41,30,ROW(A25)) -> 152652 | BL51: =INDEX($A$4:$AI$41,31,ROW(A8))*(-1) -> -146328 | BM51: =INDEX($A$4:$AI$41,31,ROW(A25)) -> 151732 | BN51: =INDEX($A$4:$AI$41,32,ROW(A8))*(-1) -> -273646 | BO51: =INDEX($A$4:$AI$41,32,ROW(A25)) -> 282161 | BP51: =INDEX($A$4:$AI$41,33,ROW(A8))*(-1) -> -139986 | BQ51: =INDEX($A$4:$AI$41,33,ROW(A25)) -> 130028 | BR51: =INDEX($A$4:$AI$41,34,ROW(A8))*(-1) -> -277872 | BS51: =INDEX($A$4:$AI$41,34,ROW(A25)) -> 263254 | BT51: =INDEX($A$4:$AI$41,35,ROW(A8))*(-1) -> -151382 | BU51: =INDEX($A$4:$AI$41,35,ROW(A25)) -> 161164 | BV51: =INDEX($A$4:$AI$41,36,ROW(A8))*(-1) -> -101059 | BW51: =INDEX($A$4:$AI$41,36,ROW(A25)) -> 94485 | BX51: =INDEX($A$4:$AI$41,37,ROW(A8))*(-1) -> -123249 | BY51: =INDEX($A$4:$AI$41,37,ROW(A25)) -> 110055 | BZ51: =INDEX($A$4:$AI$41,38,ROW(A8))*(-1) -> -145163 | CA51: =INDEX($A$4:$AI$41,38,ROW(A25)) -> 144205 | CB51: =-D51-(-B51) -> 670130 | CC51: =E51-C51 -> 516544 | CD51: =CB51/(B51*-1) -> 0.10132036 | CE51: =CC51/C51 -> 0.080326691
A52: 35-39 | B52: -5745353 | C52: 5578185 | D52: =INDEX($A$4:$AI$41,1,ROW(A9))*(-1) -> -6240459 | E52: =INDEX($A$4:$AI$41,1,ROW(A26)) -> 5874695 | F52: =INDEX($A$4:$AI$41,2,ROW(A9))*(-1) -> -104223 | G52: =INDEX($A$4:$AI$41,2,ROW(A26)) -> 118724 | H52: =INDEX($A$4:$AI$41,3,ROW(A9))*(-1) -> -119876 | I52: =INDEX($A$4:$AI$41,3,ROW(A26)) -> 105703 | J52: =INDEX($A$4:$AI$41,4,ROW(A9))*(-1) -> -159735 | K52: =INDEX($A$4:$AI$41,4,ROW(A26)) -> 180667 | L52: =INDEX($A$4:$AI$41,5,ROW(A9))*(-1) -> -164634 | M52: =INDEX($A$4:$AI$41,5,ROW(A26)) -> 185580 | N52: =INDEX($A$4:$AI$41,6,ROW(A9))*(-1) -> -168629 | O52: =INDEX($A$4:$AI$41,6,ROW(A26)) -> 153495 | P52: =INDEX($A$4:$AI$41,7,ROW(A9))*(-1) -> -72773 | Q52: =INDEX($A$4:$AI$41,7,ROW(A26)) -> 80603 | R52: =INDEX($A$4:$AI$41,8,ROW(A9))*(-1) -> -146700 | S52: =INDEX($A$4:$AI$41,8,ROW(A26)) -> 135038 | T52: =INDEX($A$4:$AI$41,9,ROW(A9))*(-1) -> -176524 | U52: =INDEX($A$4:$AI$41,9,ROW(A26)) -> 146564 | V52: =INDEX($A$4:$AI$41,10,ROW(A9))*(-1) -> -111965 | W52: =INDEX($A$4:$AI$41,10,ROW(A26)) -> 120877 | X52: =INDEX($A$4:$AI$41,11,ROW(A9))*(-1) -> -163400 | Y52: =INDEX($A$4:$AI$41,11,ROW(A26)) -> 178217 | Z52: =INDEX($A$4:$AI$41,12,ROW(A9))*(-1) -> -72338 | AA52: =INDEX($A$4:$AI$41,12,ROW(A26)) -> 90186 | AB52: =INDEX($A$4:$AI$41,13,ROW(A9))*(-1) -> -122163 | AC52: =INDEX($A$4:$AI$41,13,ROW(A26)) -> 131252 | AD52: =INDEX($A$4:$AI$41,14,ROW(A9))*(-1) -> -89201 | AE52: =INDEX($A$4:$AI$41,14,ROW(A26)) -> 105824 | AF52: =INDEX($A$4:$AI$41,15,ROW(A9))*(-1) -> -108252 | AG52: =INDEX($A$4:$AI$41,15,ROW(A26)) -> 135981 | AH52: =INDEX($A$4:$AI$41,16,ROW(A9))*(-1) -> -228757 | AI52: =INDEX($A$4:$AI$41,16,ROW(A26)) -> 144517 | AJ52: =INDEX($A$4:$AI$41,17,ROW(A9))*(-1) -> -87074 | AK52: =INDEX($A$4:$AI$41,17,ROW(A26)) -> 75830 | AL52: =INDEX($A$4:$AI$41,18,ROW(A9))*(-1) -> -147223 | AM52: =INDEX($A$4:$AI$41,18,ROW(A26)) -> 174716 | AN52: =INDEX($A$4:$AI$41,19,ROW(A9))*(-1) -> -151233 | AO52: =INDEX($A$4:$AI$41,19,ROW(A26)) -> 136409 | AP52: =INDEX($A$4:$AI$41,20,ROW(A9))*(-1) -> -236243 | AQ52: =INDEX($A$4:$AI$41,20,ROW(A26)) -> 209617 | AR52: =INDEX($A$4:$AI$41,21,ROW(A9))*(-1) -> -710084 | AS52: =INDEX($A$4:$AI$41,21,ROW(A26)) -> 594464 | AT52: =INDEX($A$4:$AI$41,22,ROW(A9))*(-1) -> -205252 | AU52: =INDEX($A$4:$AI$41,22,ROW(A26)) -> 184850 | AV52: =INDEX($A$4:$AI$41,23,ROW(A9))*(-1) -> -115221 | AW52: =INDEX($A$4:$AI$41,23,ROW(A26)) -> 101666 | AX52: =INDEX($A$4:$AI$41,24,ROW(A9))*(-1) -> -129911 | AY52: =INDEX($A$4:$AI$41,24,ROW(A26)) -> 125434 | AZ52: =INDEX($A$4:$AI$41,25,ROW(A26))*(-1) -> -88631 | BA52: =INDEX($A$4:$AI$41,25,ROW(A26)) -> 88631 | BB52: =INDEX($A$4:$AI$41,26,ROW(A9))*(-1) -> -635191 | BC52: =INDEX($A$4:$AI$41,26,ROW(A26)) -> 494720 | BD52: =INDEX($A$4:$AI$41,27,ROW(A9))*(-1) -> -71211 | BE52: =INDEX($A$4:$AI$41,27,ROW(A26)) -> 61966 | BF52: =INDEX($A$4:$AI$41,28,ROW(A9))*(-1) -> -160748 | BG52: =INDEX($A$4:$AI$41,28,ROW(A26)) -> 135623 | BH52: =INDEX($A$4:$AI$41,29,ROW(A9))*(-1) -> -195624 | BI52: =INDEX($A$4:$AI$41,29,ROW(A26)) -> 189160 | BJ52: =INDEX($A$4:$AI$41,30,ROW(A9))*(-1) -> -130116 | BK52: =INDEX($A$4:$AI$41,30,ROW(A26)) -> 146002 | BL52: =INDEX($A$4:$AI$41,31,ROW(A9))*(-1) -> -129984 | BM52: =INDEX($A$4:$AI$41,31,ROW(A26)) -> 151780 | BN52: =INDEX($A$4:$AI$41,32,ROW(A9))*(-1) -> -246628 | BO52: =INDEX($A$4:$AI$41,32,ROW(A26)) -> 269044 | BP52: =INDEX($A$4:$AI$41,33,ROW(A9))*(-1) -> -123109 | BQ52: =INDEX($A$4:$AI$41,33,ROW(A26)) -> 108009 | BR52: =INDEX($A$4:$AI$41,34,ROW(A9))*(-1) -> -239886 | BS52: =INDEX($A$4:$AI$41,34,ROW(A26)) -> 246304 | BT52: =INDEX($A$4:$AI$41,35,ROW(A9))*(-1) -> -128597 | BU52: =INDEX($A$4:$AI$41,35,ROW(A26)) -> 116877 | BV52: =INDEX($A$4:$AI$41,36,ROW(A9))*(-1) -> -87732 | BW52: =INDEX($A$4:$AI$41,36,ROW(A26)) -> 74090 | BX52: =INDEX($A$4:$AI$41,37,ROW(A9))*(-1) -> -93248 | BY52: =INDEX($A$4:$AI$41,37,ROW(A26)) -> 75039 | BZ52: =INDEX($A$4:$AI$41,38,ROW(A9))*(-1) -> -116093 | CA52: =INDEX($A$4:$AI$41,38,ROW(A26)) -> 101236 | CB52: =-D52-(-B52) -> 495106 | CC52: =E52-C52 -> 296510 | CD52: =CB52/(B52*-1) -> 0.086175036 | CE52: =CC52/C52 -> 0.053155283
A53: 40-44 | B53: -4785766 | C53: 4672877 | D53: =INDEX($A$4:$AI$41,1,ROW(A10))*(-1) -> -5228754 | E53: =INDEX($A$4:$AI$41,1,ROW(A27)) -> 4905215 | F53: =INDEX($A$4:$AI$41,2,ROW(A10))*(-1) -> -96942 | G53: =INDEX($A$4:$AI$41,2,ROW(A27)) -> 97191 | H53: =INDEX($A$4:$AI$41,3,ROW(A10))*(-1) -> -95845 | I53: =INDEX($A$4:$AI$41,3,ROW(A27)) -> 93150 | J53: =INDEX($A$4:$AI$41,4,ROW(A10))*(-1) -> -143522 | K53: =INDEX($A$4:$AI$41,4,ROW(A27)) -> 144644 | L53: =INDEX($A$4:$AI$41,5,ROW(A10))*(-1) -> -153188 | M53: =INDEX($A$4:$AI$41,5,ROW(A27)) -> 149135 | N53: =INDEX($A$4:$AI$41,6,ROW(A10))*(-1) -> -143572 | O53: =INDEX($A$4:$AI$41,6,ROW(A27)) -> 133251 | P53: =INDEX($A$4:$AI$41,7,ROW(A10))*(-1) -> -65964 | Q53: =INDEX($A$4:$AI$41,7,ROW(A27)) -> 62980 | R53: =INDEX($A$4:$AI$41,8,ROW(A10))*(-1) -> -119001 | S53: =INDEX($A$4:$AI$41,8,ROW(A27)) -> 120485 | T53: =INDEX($A$4:$AI$41,9,ROW(A10))*(-1) -> -160850 | U53: =INDEX($A$4:$AI$41,9,ROW(A27)) -> 138886 | V53: =INDEX($A$4:$AI$41,10,ROW(A10))*(-1) -> -99844 | W53: =INDEX($A$4:$AI$41,10,ROW(A27)) -> 98133 | X53: =INDEX($A$4:$AI$41,11,ROW(A10))*(-1) -> -139733 | Y53: =INDEX($A$4:$AI$41,11,ROW(A27)) -> 142570 | Z53: =INDEX($A$4:$AI$41,12,ROW(A10))*(-1) -> -67188 | AA53: =INDEX($A$4:$AI$41,12,ROW(A27)) -> 76152 | AB53: =INDEX($A$4:$AI$41,13,ROW(A10))*(-1) -> -98953 | AC53: =INDEX($A$4:$AI$41,13,ROW(A27)) -> 105276 | AD53: =INDEX($A$4:$AI$41,14,ROW(A10))*(-1) -> -83388 | AE53: =INDEX($A$4:$AI$41,14,ROW(A27)) -> 84561 | AF53: =INDEX($A$4:$AI$41,15,ROW(A10))*(-1) -> -102622 | AG53: =INDEX($A$4:$AI$41,15,ROW(A27)) -> 117125 | AH53: =INDEX($A$4:$AI$41,16,ROW(A10))*(-1) -> -148467 | AI53: =INDEX($A$4:$AI$41,16,ROW(A27)) -> 92826 | AJ53: =INDEX($A$4:$AI$41,17,ROW(A10))*(-1) -> -70682 | AK53: =INDEX($A$4:$AI$41,17,ROW(A27)) -> 63848 | AL53: =INDEX($A$4:$AI$41,18,ROW(A10))*(-1) -> -138378 | AM53: =INDEX($A$4:$AI$41,18,ROW(A27)) -> 142857 | AN53: =INDEX($A$4:$AI$41,19,ROW(A10))*(-1) -> -143479 | AO53: =INDEX($A$4:$AI$41,19,ROW(A27)) -> 131297 | AP53: =INDEX($A$4:$AI$41,20,ROW(A10))*(-1) -> -187951 | AQ53: =INDEX($A$4:$AI$41,20,ROW(A27)) -> 174590 | AR53: =INDEX($A$4:$AI$41,21,ROW(A10))*(-1) -> -626126 | AS53: =INDEX($A$4:$AI$41,21,ROW(A27)) -> 551850 | AT53: =INDEX($A$4:$AI$41,22,ROW(A10))*(-1) -> -177914 | AU53: =INDEX($A$4:$AI$41,22,ROW(A27)) -> 163563 | AV53: =INDEX($A$4:$AI$41,23,ROW(A10))*(-1) -> -96011 | AW53: =INDEX($A$4:$AI$41,23,ROW(A27)) -> 93962 | AX53: =INDEX($A$4:$AI$41,24,ROW(A10))*(-1) -> -108089 | AY53: =INDEX($A$4:$AI$41,24,ROW(A27)) -> 104451 | AZ53: =INDEX($A$4:$AI$41,25,ROW(A27))*(-1) -> -76133 | BA53: =INDEX($A$4:$AI$41,25,ROW(A27)) -> 76133 | BB53: =INDEX($A$4:$AI$41,26,ROW(A10))*(-1) -> -425939 | BC53: =INDEX($A$4:$AI$41,26,ROW(A27)) -> 358912 | BD53: =INDEX($A$4:$AI$41,27,ROW(A10))*(-1) -> -55243 | BE53: =INDEX($A$4:$AI$41,27,ROW(A27)) -> 50169 | BF53: =INDEX($A$4:$AI$41,28,ROW(A10))*(-1) -> -127827 | BG53: =INDEX($A$4:$AI$41,28,ROW(A27)) -> 110145 | BH53: =INDEX($A$4:$AI$41,29,ROW(A10))*(-1) -> -150417 | BI53: =INDEX($A$4:$AI$41,29,ROW(A27)) -> 146492 | BJ53: =INDEX($A$4:$AI$41,30,ROW(A10))*(-1) -> -114052 | BK53: =INDEX($A$4:$AI$41,30,ROW(A27)) -> 118363 | BL53: =INDEX($A$4:$AI$41,31,ROW(A10))*(-1) -> -120048 | BM53: =INDEX($A$4:$AI$41,31,ROW(A27)) -> 123117 | BN53: =INDEX($A$4:$AI$41,32,ROW(A10))*(-1) -> -213766 | BO53: =INDEX($A$4:$AI$41,32,ROW(A27)) -> 214091 | BP53: =INDEX($A$4:$AI$41,33,ROW(A10))*(-1) -> -91527 | BQ53: =INDEX($A$4:$AI$41,33,ROW(A27)) -> 88258 | BR53: =INDEX($A$4:$AI$41,34,ROW(A10))*(-1) -> -210642 | BS53: =INDEX($A$4:$AI$41,34,ROW(A27)) -> 193008 | BT53: =INDEX($A$4:$AI$41,35,ROW(A10))*(-1) -> -113439 | BU53: =INDEX($A$4:$AI$41,35,ROW(A27)) -> 111301 | BV53: =INDEX($A$4:$AI$41,36,ROW(A10))*(-1) -> -70354 | BW53: =INDEX($A$4:$AI$41,36,ROW(A27)) -> 61841 | BX53: =INDEX($A$4:$AI$41,37,ROW(A10))*(-1) -> -87761 | BY53: =INDEX($A$4:$AI$41,37,ROW(A27)) -> 74714 | BZ53: =INDEX($A$4:$AI$41,38,ROW(A10))*(-1) -> -101706 | CA53: =INDEX($A$4:$AI$41,38,ROW(A27)) -> 95888 | CB53: =-D53-(-B53) -> 442988 | CC53: =E53-C53 -> 232338 | CD53: =CB53/(B53*-1) -> 0.092563656 | CE53: =CC53/C53 -> 0.049720547
A54: 45-49 | B54: -3807418 | C54: 3771400 | D54: =INDEX($A$4:$AI$41,1,ROW(A11))*(-1) -> -4105952 | E54: =INDEX($A$4:$AI$41,1,ROW(A28)) -> 3783584 | F54: =INDEX($A$4:$AI$41,2,ROW(A11))*(-1) -> -86562 | G54: =INDEX($A$4:$AI$41,2,ROW(A28)) -> 89290 | H54: =INDEX($A$4:$AI$41,3,ROW(A11))*(-1) -> -76036 | I54: =INDEX($A$4:$AI$41,3,ROW(A28)) -> 67345 | J54: =INDEX($A$4:$AI$41,4,ROW(A11))*(-1) -> -125640 | K54: =INDEX($A$4:$AI$41,4,ROW(A28)) -> 130441 | L54: =INDEX($A$4:$AI$41,5,ROW(A11))*(-1) -> -134792 | M54: =INDEX($A$4:$AI$41,5,ROW(A28)) -> 135868 | N54: =INDEX($A$4:$AI$41,6,ROW(A11))*(-1) -> -103270 | O54: =INDEX($A$4:$AI$41,6,ROW(A28)) -> 90278 | P54: =INDEX($A$4:$AI$41,7,ROW(A11))*(-1) -> -54387 | Q54: =INDEX($A$4:$AI$41,7,ROW(A28)) -> 55671 | R54: =INDEX($A$4:$AI$41,8,ROW(A11))*(-1) -> -95899 | S54: =INDEX($A$4:$AI$41,8,ROW(A28)) -> 86544 | T54: =INDEX($A$4:$AI$41,9,ROW(A11))*(-1) -> -108578 | U54: =INDEX($A$4:$AI$41,9,ROW(A28)) -> 84797 | V54: =INDEX($A$4:$AI$41,10,ROW(A11))*(-1) -> -85277 | W54: =INDEX($A$4:$AI$41,10,ROW(A28)) -> 83858 | X54: =INDEX($A$4:$AI$41,11,ROW(A11))*(-1) -> -123629 | Y54: =INDEX($A$4:$AI$41,11,ROW(A28)) -> 132157 | Z54: =INDEX($A$4:$AI$41,12,ROW(A11))*(-1) -> -58447 | AA54: =INDEX($A$4:$AI$41,12,ROW(A28)) -> 67676 | AB54: =INDEX($A$4:$AI$41,13,ROW(A11))*(-1) -> -91372 | AC54: =INDEX($A$4:$AI$41,13,ROW(A28)) -> 99053 | AD54: =INDEX($A$4:$AI$41,14,ROW(A11))*(-1) -> -72033 | AE54: =INDEX($A$4:$AI$41,14,ROW(A28)) -> 79616 | AF54: =INDEX($A$4:$AI$41,15,ROW(A11))*(-1) -> -98325 | AG54: =INDEX($A$4:$AI$41,15,ROW(A28)) -> 110055 | AH54: =INDEX($A$4:$AI$41,16,ROW(A11))*(-1) -> -121262 | AI54: =INDEX($A$4:$AI$41,16,ROW(A28)) -> 66230 | AJ54: =INDEX($A$4:$AI$41,17,ROW(A11))*(-1) -> -53257 | AK54: =INDEX($A$4:$AI$41,17,ROW(A28)) -> 45983 | AL54: =INDEX($A$4:$AI$41,18,ROW(A11))*(-1) -> -124953 | AM54: =INDEX($A$4:$AI$41,18,ROW(A28)) -> 132292 | AN54: =INDEX($A$4:$AI$41,19,ROW(A11))*(-1) -> -88653 | AO54: =INDEX($A$4:$AI$41,19,ROW(A28)) -> 75712 | AP54: =INDEX($A$4:$AI$41,20,ROW(A11))*(-1) -> -145539 | AQ54: =INDEX($A$4:$AI$41,20,ROW(A28)) -> 126817 | AR54: =INDEX($A$4:$AI$41,21,ROW(A11))*(-1) -> -417902 | AS54: =INDEX($A$4:$AI$41,21,ROW(A28)) -> 332620 | AT54: =INDEX($A$4:$AI$41,22,ROW(A11))*(-1) -> -124250 | AU54: =INDEX($A$4:$AI$41,22,ROW(A28)) -> 106718 | AV54: =INDEX($A$4:$AI$41,23,ROW(A11))*(-1) -> -66407 | AW54: =INDEX($A$4:$AI$41,23,ROW(A28)) -> 54681 | AX54: =INDEX($A$4:$AI$41,24,ROW(A11))*(-1) -> -85882 | AY54: =INDEX($A$4:$AI$41,24,ROW(A28)) -> 79458 | AZ54: =INDEX($A$4:$AI$41,25,ROW(A28))*(-1) -> -57849 | BA54: =INDEX($A$4:$AI$41,25,ROW(A28)) -> 57849 | BB54: =INDEX($A$4:$AI$41,26,ROW(A11))*(-1) -> -351940 | BC54: =INDEX($A$4:$AI$41,26,ROW(A28)) -> 300427 | BD54: =INDEX($A$4:$AI$41,27,ROW(A11))*(-1) -> -42945 | BE54: =INDEX($A$4:$AI$41,27,ROW(A28)) -> 36788 | BF54: =INDEX($A$4:$AI$41,28,ROW(A11))*(-1) -> -95340 | BG54: =INDEX($A$4:$AI$41,28,ROW(A28)) -> 77651 | BH54: =INDEX($A$4:$AI$41,29,ROW(A11))*(-1) -> -128174 | BI54: =INDEX($A$4:$AI$41,29,ROW(A28)) -> 123836 | BJ54: =INDEX($A$4:$AI$41,30,ROW(A11))*(-1) -> -97464 | BK54: =INDEX($A$4:$AI$41,30,ROW(A28)) -> 105421 | BL54: =INDEX($A$4:$AI$41,31,ROW(A11))*(-1) -> -103685 | BM54: =INDEX($A$4:$AI$41,31,ROW(A28)) -> 113642 | BN54: =INDEX($A$4:$AI$41,32,ROW(A11))*(-1) -> -181584 | BO54: =INDEX($A$4:$AI$41,32,ROW(A28)) -> 193454 | BP54: =INDEX($A$4:$AI$41,33,ROW(A11))*(-1) -> -75248 | BQ54: =INDEX($A$4:$AI$41,33,ROW(A28)) -> 69751 | BR54: =INDEX($A$4:$AI$41,34,ROW(A11))*(-1) -> -177900 | BS54: =INDEX($A$4:$AI$41,34,ROW(A28)) -> 170276 | BT54: =INDEX($A$4:$AI$41,35,ROW(A11))*(-1) -> -75748 | BU54: =INDEX($A$4:$AI$41,35,ROW(A28)) -> 62539 | BV54: =INDEX($A$4:$AI$41,36,ROW(A11))*(-1) -> -53386 | BW54: =INDEX($A$4:$AI$41,36,ROW(A28)) -> 43006 | BX54: =INDEX($A$4:$AI$41,37,ROW(A11))*(-1) -> -53935 | BY54: =INDEX($A$4:$AI$41,37,ROW(A28)) -> 42238 | BZ54: =INDEX($A$4:$AI$41,38,ROW(A11))*(-1) -> -64971 | CA54: =INDEX($A$4:$AI$41,38,ROW(A28)) -> 53546 | CB54: =-D54-(-B54) -> 298534 | CC54: =E54-C54 -> 12184 | CD54: =CB54/(B54*-1) -> 0.078408517 | CE54: =CC54/C54 -> 0.0032306305
A55: 50-54 | B55: -2947899 | C55: 2995570 | D55: =INDEX($A$4:$AI$41,1,ROW(A12))*(-1) -> -3233093 | E55: =INDEX($A$4:$AI$41,1,ROW(A29)) -> 3074491 | F55: =INDEX($A$4:$AI$41,2,ROW(A12))*(-1) -> -66047 | G55: =INDEX($A$4:$AI$41,2,ROW(A29)) -> 68647 | H55: =INDEX($A$4:$AI$41,3,ROW(A12))*(-1) -> -56748 | I55: =INDEX($A$4:$AI$41,3,ROW(A29)) -> 59734 | J55: =INDEX($A$4:$AI$41,4,ROW(A12))*(-1) -> -96021 | K55: =INDEX($A$4:$AI$41,4,ROW(A29)) -> 94389 | L55: =INDEX($A$4:$AI$41,5,ROW(A12))*(-1) -> -105401 | M55: =INDEX($A$4:$AI$41,5,ROW(A29)) -> 95878 | N55: =INDEX($A$4:$AI$41,6,ROW(A12))*(-1) -> -89342 | O55: =INDEX($A$4:$AI$41,6,ROW(A29)) -> 83531 | P55: =INDEX($A$4:$AI$41,7,ROW(A12))*(-1) -> -43741 | Q55: =INDEX($A$4:$AI$41,7,ROW(A29)) -> 38799 | R55: =INDEX($A$4:$AI$41,8,ROW(A12))*(-1) -> -73977 | S55: =INDEX($A$4:$AI$41,8,ROW(A29)) -> 75599 | T55: =INDEX($A$4:$AI$41,9,ROW(A12))*(-1) -> -98736 | U55: =INDEX($A$4:$AI$41,9,ROW(A29)) -> 87266 | V55: =INDEX($A$4:$AI$41,10,ROW(A12))*(-1) -> -65584 | W55: =INDEX($A$4:$AI$41,10,ROW(A29)) -> 63626 | X55: =INDEX($A$4:$AI$41,11,ROW(A12))*(-1) -> -92496 | Y55: =INDEX($A$4:$AI$41,11,ROW(A29)) -> 95005 | Z55: =INDEX($A$4:$AI$41,12,ROW(A12))*(-1) -> -46109 | AA55: =INDEX($A$4:$AI$41,12,ROW(A29)) -> 48162 | AB55: =INDEX($A$4:$AI$41,13,ROW(A12))*(-1) -> -65990 | AC55: =INDEX($A$4:$AI$41,13,ROW(A29)) -> 71708 | AD55: =INDEX($A$4:$AI$41,14,ROW(A12))*(-1) -> -58322 | AE55: =INDEX($A$4:$AI$41,14,ROW(A29)) -> 54939 | AF55: =INDEX($A$4:$AI$41,15,ROW(A12))*(-1) -> -76391 | AG55: =INDEX($A$4:$AI$41,15,ROW(A29)) -> 82636 | AH55: =INDEX($A$4:$AI$41,16,ROW(A12))*(-1) -> -62545 | AI55: =INDEX($A$4:$AI$41,16,ROW(A29)) -> 38666 | AJ55: =INDEX($A$4:$AI$41,17,ROW(A12))*(-1) -> -41639 | AK55: =INDEX($A$4:$AI$41,17,ROW(A29)) -> 39465 | AL55: =INDEX($A$4:$AI$41,18,ROW(A12))*(-1) -> -97194 | AM55: =INDEX($A$4:$AI$41,18,ROW(A29)) -> 95830 | AN55: =INDEX($A$4:$AI$41,19,ROW(A12))*(-1) -> -94036 | AO55: =INDEX($A$4:$AI$41,19,ROW(A29)) -> 82142 | AP55: =INDEX($A$4:$AI$41,20,ROW(A12))*(-1) -> -109636 | AQ55: =INDEX($A$4:$AI$41,20,ROW(A29)) -> 104643 | AR55: =INDEX($A$4:$AI$41,21,ROW(A12))*(-1) -> -390072 | AS55: =INDEX($A$4:$AI$41,21,ROW(A29)) -> 341472 | AT55: =INDEX($A$4:$AI$41,22,ROW(A12))*(-1) -> -111981 | AU55: =INDEX($A$4:$AI$41,22,ROW(A29)) -> 101363 | AV55: =INDEX($A$4:$AI$41,23,ROW(A12))*(-1) -> -60550 | AW55: =INDEX($A$4:$AI$41,23,ROW(A29)) -> 58969 | AX55: =INDEX($A$4:$AI$41,24,ROW(A12))*(-1) -> -66505 | AY55: =INDEX($A$4:$AI$41,24,ROW(A29)) -> 62200 | AZ55: =INDEX($A$4:$AI$41,25,ROW(A29))*(-1) -> -46492 | BA55: =INDEX($A$4:$AI$41,25,ROW(A29)) -> 46492 | BB55: =INDEX($A$4:$AI$41,26,ROW(A12))*(-1) -> -209085 | BC55: =INDEX($A$4:$AI$41,26,ROW(A29)) -> 201048 | BD55: =INDEX($A$4:$AI$41,27,ROW(A12))*(-1) -> -31670 | BE55: =INDEX($A$4:$AI$41,27,ROW(A29)) -> 29629 | BF55: =INDEX($A$4:$AI$41,28,ROW(A12))*(-1) -> -74705 | BG55: =INDEX($A$4:$AI$41,28,ROW(A29)) -> 65258 | BH55: =INDEX($A$4:$AI$41,29,ROW(A12))*(-1) -> -84739 | BI55: =INDEX($A$4:$AI$41,29,ROW(A29)) -> 91759 | BJ55: =INDEX($A$4:$AI$41,30,ROW(A12))*(-1) -> -75802 | BK55: =INDEX($A$4:$AI$41,30,ROW(A29)) -> 79073 | BL55: =INDEX($A$4:$AI$41,31,ROW(A12))*(-1) -> -82885 | BM55: =INDEX($A$4:$AI$41,31,ROW(A29)) -> 81809 | BN55: =INDEX($A$4:$AI$41,32,ROW(A12))*(-1) -> -137562 | BO55: =INDEX($A$4:$AI$41,32,ROW(A29)) -> 140699 | BP55: =INDEX($A$4:$AI$41,33,ROW(A12))*(-1) -> -50715 | BQ55: =INDEX($A$4:$AI$41,33,ROW(A29)) -> 55811 | BR55: =INDEX($A$4:$AI$41,34,ROW(A12))*(-1) -> -134391 | BS55: =INDEX($A$4:$AI$41,34,ROW(A29)) -> 120712 | BT55: =INDEX($A$4:$AI$41,35,ROW(A12))*(-1) -> -73474 | BU55: =INDEX($A$4:$AI$41,35,ROW(A29)) -> 72687 | BV55: =INDEX($A$4:$AI$41,36,ROW(A12))*(-1) -> -39936 | BW55: =INDEX($A$4:$AI$41,36,ROW(A29)) -> 35351 | BX55: =INDEX($A$4:$AI$41,37,ROW(A12))*(-1) -> -55692 | BY55: =INDEX($A$4:$AI$41,37,ROW(A29)) -> 47555 | BZ55: =INDEX($A$4:$AI$41,38,ROW(A12))*(-1) -> -65457 | CA55: =INDEX($A$4:$AI$41,38,ROW(A29)) -> 61939 | CB55: =-D55-(-B55) -> 285194 | CC55: =E55-C55 -> 78921 | CD55: =CB55/(B55*-1) -> 0.096744834 | CE55: =CC55/C55 -> 0.026345904
A56: 55-59 | B56: -2330368 | C56: 2426334 | D56: =INDEX($A$4:$AI$41,1,ROW(A13))*(-1) -> -2454746 | E56: =INDEX($A$4:$AI$41,1,ROW(A30)) -> 2457793 | F56: =INDEX($A$4:$AI$41,2,ROW(A13))*(-1) -> -60055 | G56: =INDEX($A$4:$AI$41,2,ROW(A30)) -> 66458 | H56: =INDEX($A$4:$AI$41,3,ROW(A13))*(-1) -> -48899 | I56: =INDEX($A$4:$AI$41,3,ROW(A30)) -> 45221 | J56: =INDEX($A$4:$AI$41,4,ROW(A13))*(-1) -> -77876 | K56: =INDEX($A$4:$AI$41,4,ROW(A30)) -> 82954 | L56: =INDEX($A$4:$AI$41,5,ROW(A13))*(-1) -> -89482 | M56: =INDEX($A$4:$AI$41,5,ROW(A30)) -> 95605 | N56: =INDEX($A$4:$AI$41,6,ROW(A13))*(-1) -> -57851 | O56: =INDEX($A$4:$AI$41,6,ROW(A30)) -> 51340 | P56: =INDEX($A$4:$AI$41,7,ROW(A13))*(-1) -> -31487 | Q56: =INDEX($A$4:$AI$41,7,ROW(A30)) -> 34675 | R56: =INDEX($A$4:$AI$41,8,ROW(A13))*(-1) -> -53904 | S56: =INDEX($A$4:$AI$41,8,ROW(A30)) -> 54587 | T56: =INDEX($A$4:$AI$41,9,ROW(A13))*(-1) -> -60103 | U56: =INDEX($A$4:$AI$41,9,ROW(A30)) -> 49291 | V56: =INDEX($A$4:$AI$41,10,ROW(A13))*(-1) -> -48000 | W56: =INDEX($A$4:$AI$41,10,ROW(A30)) -> 48751 | X56: =INDEX($A$4:$AI$41,11,ROW(A13))*(-1) -> -82655 | Y56: =INDEX($A$4:$AI$41,11,ROW(A30)) -> 96062 | Z56: =INDEX($A$4:$AI$41,12,ROW(A13))*(-1) -> -36235 | AA56: =INDEX($A$4:$AI$41,12,ROW(A30)) -> 42488 | AB56: =INDEX($A$4:$AI$41,13,ROW(A13))*(-1) -> -65097 | AC56: =INDEX($A$4:$AI$41,13,ROW(A30)) -> 74956 | AD56: =INDEX($A$4:$AI$41,14,ROW(A13))*(-1) -> -44278 | AE56: =INDEX($A$4:$AI$41,14,ROW(A30)) -> 57642 | AF56: =INDEX($A$4:$AI$41,15,ROW(A13))*(-1) -> -69909 | AG56: =INDEX($A$4:$AI$41,15,ROW(A30)) -> 79464 | AH56: =INDEX($A$4:$AI$41,16,ROW(A13))*(-1) -> -53076 | AI56: =INDEX($A$4:$AI$41,16,ROW(A30)) -> 33081 | AJ56: =INDEX($A$4:$AI$41,17,ROW(A13))*(-1) -> -30353 | AK56: =INDEX($A$4:$AI$41,17,ROW(A30)) -> 28526 | AL56: =INDEX($A$4:$AI$41,18,ROW(A13))*(-1) -> -83548 | AM56: =INDEX($A$4:$AI$41,18,ROW(A30)) -> 93207 | AN56: =INDEX($A$4:$AI$41,19,ROW(A13))*(-1) -> -44362 | AO56: =INDEX($A$4:$AI$41,19,ROW(A30)) -> 41509 | AP56: =INDEX($A$4:$AI$41,20,ROW(A13))*(-1) -> -89037 | AQ56: =INDEX($A$4:$AI$41,20,ROW(A30)) -> 81710 | AR56: =INDEX($A$4:$AI$41,21,ROW(A13))*(-1) -> -240480 | AS56: =INDEX($A$4:$AI$41,21,ROW(A30)) -> 189342 | AT56: =INDEX($A$4:$AI$41,22,ROW(A13))*(-1) -> -64741 | AU56: =INDEX($A$4:$AI$41,22,ROW(A30)) -> 60327 | AV56: =INDEX($A$4:$AI$41,23,ROW(A13))*(-1) -> -43425 | AW56: =INDEX($A$4:$AI$41,23,ROW(A30)) -> 34810 | AX56: =INDEX($A$4:$AI$41,24,ROW(A13))*(-1) -> -44898 | AY56: =INDEX($A$4:$AI$41,24,ROW(A30)) -> 49353 | AZ56: =INDEX($A$4:$AI$41,25,ROW(A30))*(-1) -> -39773 | BA56: =INDEX($A$4:$AI$41,25,ROW(A30)) -> 39773 | BB56: =INDEX($A$4:$AI$41,26,ROW(A13))*(-1) -> -209088 | BC56: =INDEX($A$4:$AI$41,26,ROW(A30)) -> 199279 | BD56: =INDEX($A$4:$AI$41,27,ROW(A13))*(-1) -> -22831 | BE56: =INDEX($A$4:$AI$41,27,ROW(A30)) -> 22587 | BF56: =INDEX($A$4:$AI$41,28,ROW(A13))*(-1) -> -51481 | BG56: =INDEX($A$4:$AI$41,28,ROW(A30)) -> 46960 | BH56: =INDEX($A$4:$AI$41,29,ROW(A13))*(-1) -> -78853 | BI56: =INDEX($A$4:$AI$41,29,ROW(A30)) -> 90501 | BJ56: =INDEX($A$4:$AI$41,30,ROW(A13))*(-1) -> -57895 | BK56: =INDEX($A$4:$AI$41,30,ROW(A30)) -> 70074 | BL56: =INDEX($A$4:$AI$41,31,ROW(A13))*(-1) -> -63976 | BM56: =INDEX($A$4:$AI$41,31,ROW(A30)) -> 81403 | BN56: =INDEX($A$4:$AI$41,32,ROW(A13))*(-1) -> -112465 | BO56: =INDEX($A$4:$AI$41,32,ROW(A30)) -> 138481 | BP56: =INDEX($A$4:$AI$41,33,ROW(A13))*(-1) -> -46064 | BQ56: =INDEX($A$4:$AI$41,33,ROW(A30)) -> 47690 | BR56: =INDEX($A$4:$AI$41,34,ROW(A13))*(-1) -> -103129 | BS56: =INDEX($A$4:$AI$41,34,ROW(A30)) -> 106839 | BT56: =INDEX($A$4:$AI$41,35,ROW(A13))*(-1) -> -52492 | BU56: =INDEX($A$4:$AI$41,35,ROW(A30)) -> 40278 | BV56: =INDEX($A$4:$AI$41,36,ROW(A13))*(-1) -> -29259 | BW56: =INDEX($A$4:$AI$41,36,ROW(A30)) -> 26151 | BX56: =INDEX($A$4:$AI$41,37,ROW(A13))*(-1) -> -30252 | BY56: =INDEX($A$4:$AI$41,37,ROW(A30)) -> 24233 | BZ56: =INDEX($A$4:$AI$41,38,ROW(A13))*(-1) -> -42389 | CA56: =INDEX($A$4:$AI$41,38,ROW(A30)) -> 32185 | CB56: =-D56-(-B56) -> 124378 | CC56: =E56-C56 -> 31459 | CD56: =CB56/(B56*-1) -> 0.053372686 | CE56: =CC56/C56 -> 0.012965651
... A61: 80+ | B61: -192261 | C61: 226365 | D61: =INDEX($A$4:$AI$41,1,ROW(A18))*(-1) -> -362424 | E61: =INDEX($A$4:$AI$41,1,ROW(A35)) -> 447580 | F61: =INDEX($A$4:$AI$41,2,ROW(A18))*(-1) -> -8075 | G61: =INDEX($A$4:$AI$41,2,ROW(A35)) -> 11395 | H61: =INDEX($A$4:$AI$41,3,ROW(A18))*(-1) -> -7414 | I61: =INDEX($A$4:$AI$41,3,ROW(A35)) -> 9747 | J61: =INDEX($A$4:$AI$41,4,ROW(A18))*(-1) -> -7696 | K61: =INDEX($A$4:$AI$41,4,ROW(A35)) -> 7475 | L61: =INDEX($A$4:$AI$41,5,ROW(A18))*(-1) -> -11067 | M61: =INDEX($A$4:$AI$41,5,ROW(A35)) -> 12510 | N61: =INDEX($A$4:$AI$41,6,ROW(A18))*(-1) -> -11412 | O61: =INDEX($A$4:$AI$41,6,ROW(A35)) -> 12444 | P61: =INDEX($A$4:$AI$41,7,ROW(A18))*(-1) -> -4308 | Q61: =INDEX($A$4:$AI$41,7,ROW(A35)) -> 4317 | R61: =INDEX($A$4:$AI$41,8,ROW(A18))*(-1) -> -10919 | S61: =INDEX($A$4:$AI$41,8,ROW(A35)) -> 13339 | T61: =INDEX($A$4:$AI$41,9,ROW(A18))*(-1) -> -11139 | U61: =INDEX($A$4:$AI$41,9,ROW(A35)) -> 12468 | V61: =INDEX($A$4:$AI$41,10,ROW(A18))*(-1) -> -6018 | W61: =INDEX($A$4:$AI$41,10,ROW(A35)) -> 6706 | X61: =INDEX($A$4:$AI$41,11,ROW(A18))*(-1) -> -10668 | Y61: =INDEX($A$4:$AI$41,11,ROW(A35)) -> 15782 | Z61: =INDEX($A$4:$AI$41,12,ROW(A18))*(-1) -> -5363 | AA61: =INDEX($A$4:$AI$41,12,ROW(A35)) -> 6145 | AB61: =INDEX($A$4:$AI$41,13,ROW(A18))*(-1) -> -8038 | AC61: =INDEX($A$4:$AI$41,13,ROW(A35)) -> 12905 | AD61: =INDEX($A$4:$AI$41,14,ROW(A18))*(-1) -> -5704 | AE61: =INDEX($A$4:$AI$41,14,ROW(A35)) -> 6995 | AF61: =INDEX($A$4:$AI$41,15,ROW(A18))*(-1) -> -8176 | AG61: =INDEX($A$4:$AI$41,15,ROW(A35)) -> 10275 | AH61: =INDEX($A$4:$AI$41,16,ROW(A18))*(-1) -> -3651 | AI61: =INDEX($A$4:$AI$41,16,ROW(A35)) -> 4986 | AJ61: =INDEX($A$4:$AI$41,17,ROW(A18))*(-1) -> -4907 | AK61: =INDEX($A$4:$AI$41,17,ROW(A35)) -> 5612 | AL61: =INDEX($A$4:$AI$41,18,ROW(A18))*(-1) -> -11055 | AM61: =INDEX($A$4:$AI$41,18,ROW(A35)) -> 12249 | AN61: =INDEX($A$4:$AI$41,19,ROW(A18))*(-1) -> -13355 | AO61: =INDEX($A$4:$AI$41,19,ROW(A35)) -> 13101 | AP61: =INDEX($A$4:$AI$41,20,ROW(A18))*(-1) -> -15840 | AQ61: =INDEX($A$4:$AI$41,20,ROW(A35)) -> 18190 | AR61: =INDEX($A$4:$AI$41,21,ROW(A18))*(-1) -> -53210 | AS61: =INDEX($A$4:$AI$41,21,ROW(A35)) -> 61438 | AT61: =INDEX($A$4:$AI$41,22,ROW(A18))*(-1) -> -14146 | AU61: =INDEX($A$4:$AI$41,22,ROW(A35)) -> 14872 | AV61: =INDEX($A$4:$AI$41,23,ROW(A18))*(-1) -> -6986 | AW61: =INDEX($A$4:$AI$41,23,ROW(A35)) -> 8208 | AX61: =INDEX($A$4:$AI$41,24,ROW(A18))*(-1) -> -7155 | AY61: =INDEX($A$4:$AI$41,24,ROW(A35)) -> 8048 | AZ61: =INDEX($A$4:$AI$41,25,ROW(A35))*(-1) -> -6638 | BA61: =INDEX($A$4:$AI$41,25,ROW(A35)) -> 6638 | BB61: =INDEX($A$4:$AI$41,26,ROW(A18))*(-1) -> -11328 | BC61: =INDEX($A$4:$AI$41,26,ROW(A35)) -> 23164 | BD61: =INDEX($A$4:$AI$41,27,ROW(A18))*(-1) -> -4378 | BE61: =INDEX($A$4:$AI$41,27,ROW(A35)) -> 4666 | BF61: =INDEX($A$4:$AI$41,28,ROW(A18))*(-1) -> -10235 | BG61: =INDEX($A$4:$AI$41,28,ROW(A35)) -> 9960 | BH61: =INDEX($A$4:$AI$41,29,ROW(A18))*(-1) -> -7661 | BI61: =INDEX($A$4:$AI$41,29,ROW(A35)) -> 16542 | BJ61: =INDEX($A$4:$AI$41,30,ROW(A18))*(-1) -> -7760 | BK61: =INDEX($A$4:$AI$41,30,ROW(A35)) -> 11660 | BL61: =INDEX($A$4:$AI$41,31,ROW(A18))*(-1) -> -8476 | BM61: =INDEX($A$4:$AI$41,31,ROW(A35)) -> 10344 | BN61: =INDEX($A$4:$AI$41,32,ROW(A18))*(-1) -> -13917 | BO61: =INDEX($A$4:$AI$41,32,ROW(A35)) -> 19712 | BP61: =INDEX($A$4:$AI$41,33,ROW(A18))*(-1) -> -7696 | BQ61: =INDEX($A$4:$AI$41,33,ROW(A35)) -> 10468 | BR61: =INDEX($A$4:$AI$41,34,ROW(A18))*(-1) -> -12583 | BS61: =INDEX($A$4:$AI$41,34,ROW(A35)) -> 13992 | BT61: =INDEX($A$4:$AI$41,35,ROW(A18))*(-1) -> -8035 | BU61: =INDEX($A$4:$AI$41,35,ROW(A35)) -> 10241 | BV61: =INDEX($A$4:$AI$41,36,ROW(A18))*(-1) -> -4934 | BW61: =INDEX($A$4:$AI$41,36,ROW(A35)) -> 5247 | BX61: =INDEX($A$4:$AI$41,37,ROW(A18))*(-1) -> -6098 | BY61: =INDEX($A$4:$AI$41,37,ROW(A35)) -> 6628 | BZ61: =INDEX($A$4:$AI$41,38,ROW(A18))*(-1) -> -7982 | CA61: =INDEX($A$4:$AI$41,38,ROW(A35)) -> 9111 | CB61: =-D61-(-B61) -> 170163 | CC61: =E61-C61 -> 221215 | CD61: =CB61/(B61*-1) -> 0.88506249 | CE61: =CC61/C61 -> 0.97724913
CD64: =MEDIAN(CD45:CD61) -> 0.092563656 | CE64: =MEDIAN(CE45:CE61) -> 0.053155283

Sheet Figures 2(a-t)
A1: National total | B1: =SUM(B4:AI4) -> 218521350
A3: Row Labels | B3: Sum of Male_00-04 | C3: Sum of Male_05-09 | D3: Sum of Male_10-14 | E3: Sum of Male_15-19 | F3: Sum of Male_20-24 | G3: Sum of Male_25-29 | H3: Sum of Male_30-34 | I3: Sum of Male_35-39 | J3: Sum of Male_40-44 | K3: Sum of Male_45-49 | L3: Sum of Male_50-54 | M3: Sum of Male_55-59 | N3: Sum of Male_60-64 | O3: Sum of Male_65-69 | P3: Sum of Male_70-74 | Q3: Sum of Male_75-79 | R3: Sum of Male_80+ | S3: Sum of Female_00-04 | T3: Sum of Female_05-09 | U3: Sum of Female_10-14 | V3: Sum of Female_15-19 | W3: Sum of Female_20-24 | X3: Sum of Female_25-29 | Y3: Sum of Female_30-34 | Z3: Sum of Female_35-39 | AA3: Sum of Female_40-44 | AB3: Sum of Female_45-49 | AC3: Sum of Female_50-54 | AD3: Sum of Female_55-59 | AE3: Sum of Female_60-64 | AF3: Sum of Female_65-69 | AG3: Sum of Female_70-74 | AH3: Sum of Female_75-79 | AI3: Sum of Female_80+ | AJ3: Sum of Male_Total | AK3: Sum of Female_Total | AL3: Sum of Both_Total
A4: NIGERIA | B4: 17837020 | C4: 15502069 | D4: 13836239 | E4: 12293689 | F4: 10051901 | G4: 8480707 | H4: 7284102 | I4: 6240459 | J4: 5228754 | K4: 4105952 | L4: 3233093 | M4: 2454746 | N4: 1850354 | O4: 1335394 | P4: 965196 | Q4: 561382 | R4: 362424 | S4: 16969659 | T4: 14751712 | U4: 13072833 | V4: 11639983 | W4: 9674868 | X4: 8167582 | Y4: 6947084 | Z4: 5874695 | AA4: 4905215 | AB4: 3783584 | AC4: 3074491 | AD4: 2457793 | AE4: 1951626 | AF4: 1467403 | AG4: 1076136 | AH4: 635625 | AI4: 447580 | AJ4: 111623481 | AK4: 106897869 | AL4: 218521350
A5: ABIA | B5: 218758 | C5: 224631 | D5: 252614 | E5: 244697 | F5: 197853 | G5: 147846 | H5: 119759 | I5: 104223 | J5: 96942 | K5: 86562 | L5: 66047 | M5: 60055 | N5: 38619 | O5: 36743 | P5: 21766 | Q5: 16548 | R5: 8075 | S5: 210483 | T5: 215867 | U5: 248705 | V5: 235360 | W5: 175331 | X5: 141231 | Y5: 124752 | Z5: 118724 | AA5: 97191 | AB5: 89290 | AC5: 68647 | AD5: 66458 | AE5: 45452 | AF5: 42233 | AG5: 27155 | AH5: 18965 | AI5: 11395 | AJ5: 1941738 | AK5: 1937239 | AL5: 3878977
A6: ADAMAWA | B6: 391921 | C6: 331150 | D6: 277805 | E6: 238530 | F6: 190232 | G6: 160292 | H6: 138807 | I6: 119876 | J6: 95845 | K6: 76036 | L6: 56748 | M6: 48899 | N6: 32936 | O6: 28317 | P6: 20135 | Q6: 13404 | R6: 7414 | S6: 372760 | T6: 320576 | U6: 273011 | V6: 233204 | W6: 190216 | X6: 155723 | Y6: 131631 | Z6: 105703 | AA6: 93150 | AB6: 67345 | AC6: 59734 | AD6: 45221 | AE6: 39961 | AF6: 29740 | AG6: 26280 | AH6: 14250 | AI6: 9747 | AJ6: 2228347 | AK6: 2168252 | AL6: 4396599
A7: AKWA IBOM | B7: 345584 | C7: 364957 | D7: 371722 | E7: 355275 | F7: 285723 | G7: 216091 | H7: 174848 | I7: 159735 | J7: 143522 | K7: 125640 | L7: 96021 | M7: 77876 | N7: 61936 | O7: 46240 | P7: 27453 | Q7: 16233 | R7: 7696 | S7: 326260 | T7: 342223 | U7: 353787 | V7: 329383 | W7: 246884 | X7: 207987 | Y7: 184349 | Z7: 180667 | AA7: 144644 | AB7: 130441 | AC7: 94389 | AD7: 82954 | AE7: 63215 | AF7: 52546 | AG7: 26086 | AH7: 15922 | AI7: 7475 | AJ7: 2876552 | AK7: 2789212 | AL7: 5665764
A8: ANAMBRA | B8: 332996 | C8: 352714 | D8: 388676 | E8: 376016 | F8: 304587 | G8: 232124 | H8: 187703 | I8: 164634 | J8: 153188 | K8: 134792 | L8: 105401 | M8: 89482 | N8: 63031 | O8: 53670 | P8: 31439 | Q8: 22388 | R8: 11067 | S8: 319470 | T8: 334304 | U8: 379733 | V8: 357447 | W8: 273463 | X8: 225850 | Y8: 193788 | Z8: 185580 | AA8: 149135 | AB8: 135868 | AC8: 95878 | AD8: 95605 | AE8: 59135 | AF8: 56517 | AG8: 32959 | AH8: 25634 | AI8: 12510 | AJ8: 3003908 | AK8: 2932876 | AL8: 5936784
A9: BAUCHI | B9: 679500 | C9: 545659 | D9: 442014 | E9: 362751 | F9: 260764 | G9: 223221 | H9: 203035 | I9: 168629 | J9: 143572 | K9: 103270 | L9: 89342 | M9: 57851 | N9: 50345 | O9: 30837 | P9: 29566 | Q9: 15850 | R9: 11412 | S9: 639299 | T9: 509011 | U9: 402259 | V9: 352254 | W9: 285240 | X9: 235858 | Y9: 198776 | Z9: 153495 | AA9: 133251 | AB9: 90278 | AC9: 83531 | AD9: 51340 | AE9: 51485 | AF9: 30115 | AG9: 28710 | AH9: 15170 | AI9: 12444 | AJ9: 3417618 | AK9: 3272516 | AL9: 6690134
A10: BAYELSA | B10: 158035 | C10: 169405 | D10: 167379 | E10: 160580 | F10: 128084 | G10: 98740 | H10: 82485 | I10: 72773 | J10: 65964 | K10: 54387 | L10: 43741 | M10: 31487 | N10: 25781 | O10: 17586 | P10: 12790 | Q10: 7288 | R10: 4308 | S10: 150454 | T10: 157800 | U10: 157102 | V10: 144745 | W10: 109296 | X10: 93373 | Y10: 84237 | Z10: 80603 | AA10: 62980 | AB10: 55671 | AC10: 38799 | AD10: 34675 | AE10: 24906 | AF10: 19395 | AG10: 10835 | AH10: 7773 | AI10: 4317 | AJ10: 1300813 | AK10: 1236961 | AL10: 2537774
A11: BENUE | B11: 539300 | C11: 445972 | D11: 382231 | E11: 330874 | F11: 247899 | G11: 201198 | H11: 173256 | I11: 146700 | J11: 119001 | K11: 95899 | L11: 73977 | M11: 53904 | N11: 43804 | O11: 30213 | P11: 23436 | Q11: 16003 | R11: 10919 | S11: 514586 | T11: 431588 | U11: 371409 | V11: 318050 | W11: 248992 | X11: 199610 | Y11: 168682 | Z11: 135038 | AA11: 120485 | AB11: 86544 | AC11: 75599 | AD11: 54587 | AE11: 57410 | AF11: 37257 | AG11: 29396 | AH11: 17770 | AI11: 13339 | AJ11: 2934586 | AK11: 2880342 | AL11: 5814928
A12: BORNO | B12: 644945 | C12: 544939 | D12: 421873 | E12: 348897 | F12: 270790 | G12: 233981 | H12: 220992 | I12: 176524 | J12: 160850 | K12: 108578 | L12: 98736 | M12: 60103 | N12: 60783 | O12: 31453 | P12: 31629 | Q12: 14056 | R12: 11139 | S12: 596867 | T12: 492977 | U12: 369247 | V12: 326928 | W12: 285460 | X12: 230533 | Y12: 201616 | Z12: 146564 | AA12: 138886 | AB12: 84797 | AC12: 87266 | AD12: 49291 | AE12: 56913 | AF12: 28951 | AG12: 31809 | AH12: 14151 | AI12: 12468 | AJ12: 3440268 | AK12: 3154724 | AL12: 6594992
A13: CROSS RIVER | B13: 255470 | C13: 263801 | D13: 260335 | E13: 242320 | F13: 199798 | G13: 157222 | H13: 125944 | I13: 111965 | J13: 99844 | K13: 85277 | L13: 65584 | M13: 48000 | N13: 37811 | O13: 28190 | P13: 17153 | Q13: 10955 | R13: 6018 | S13: 243102 | T13: 247026 | U13: 247067 | V13: 228463 | W13: 177638 | X13: 145558 | Y13: 127746 | Z13: 120877 | AA13: 98133 | AB13: 83858 | AC13: 63626 | AD13: 48751 | AE13: 41139 | AF13: 31640 | AG13: 18689 | AH13: 12559 | AI13: 6706 | AJ13: 2015687 | AK13: 1942578 | AL13: 3958265
A14: DELTA | B14: 367102 | C14: 363425 | D14: 373194 | E14: 353940 | F14: 297603 | G14: 227942 | H14: 182870 | I14: 163400 | J14: 139733 | K14: 123629 | L14: 92496 | M14: 82655 | N14: 52325 | O14: 47402 | P14: 27695 | Q14: 21886 | R14: 10668 | S14: 352059 | T14: 347139 | U14: 365330 | V14: 333023 | W14: 263756 | X14: 214716 | Y14: 186714 | Z14: 178217 | AA14: 142570 | AB14: 132157 | AC14: 95005 | AD14: 96062 | AE14: 59273 | AF14: 55830 | AG14: 35088 | AH14: 27040 | AI14: 15782 | AJ14: 2927965 | AK14: 2899761 | AL14: 5827726
A15: EBONYI | B15: 213833 | C15: 203754 | D15: 197034 | E15: 176671 | F15: 132083 | G15: 95485 | H15: 79584 | I15: 72338 | J15: 67188 | K15: 58447 | L15: 46109 | M15: 36235 | N15: 28541 | O15: 22476 | P15: 13855 | Q15: 10238 | R15: 5363 | S15: 207890 | T15: 199710 | U15: 194554 | V15: 179000 | W15: 125519 | X15: 104915 | Y15: 94035 | Z15: 90186 | AA15: 76152 | AB15: 67676 | AC15: 48162 | AD15: 42488 | AE15: 33954 | AF15: 27586 | AG15: 15951 | AH15: 9976 | AI15: 6145 | AJ15: 1459234 | AK15: 1523899 | AL15: 2983133
... A42: Grand Total | B42: 17837020 | C42: 15502069 | D42: 13836239 | E42: 12293689 | F42: 10051901 | G42: 8480707 | H42: 7284102 | I42: 6240459 | J42: 5228754 | K42: 4105952 | L42: 3233093 | M42: 2454746 | N42: 1850354 | O42: 1335394 | P42: 965196 | Q42: 561382 | R42: 362424 | S42: 16969659 | T42: 14751712 | U42: 13072833 | V42: 11639983 | W42: 9674868 | X42: 8167582 | Y42: 6947084 | Z42: 5874695 | AA42: 4905215 | AB42: 3783584 | AC42: 3074491 | AD42: 2457793 | AE42: 1951626 | AF42: 1467403 | AG42: 1076136 | AH42: 635625 | AI42: 447580 | AJ42: 111623481 | AK42: 106897869 | AL42: 218521350
A44: Age | B44: ADM0 Male (WPP 2020 projection) | C44: ADM0 Female (WPP 2020 projection) | D44: ADM0 Male (USCB 2020 projection) | E44: ADM0 Female (USCB 2020 projection) | F44: ADM1 (Abia) Male (USCB 2020) | G44: ADM1 (Abia) Female (USCB 2020) | H44: ADM1 (Adamawa) Male (USCB 2020) | I44: ADM1 (Adamawa) Female (USCB 2020) | J44: ADM1 (Akwa Ibom) Male (USCB 2020) | K44: ADM1 (Akwa Ibom) Female (USCB 2020) | L44: ADM1 (Anambra) Male (USCB 2020) | M44: ADM1 (Anambra) Female (USCB 2020) | N44: ADM1 (Bauchi) Male (USCB 2020) | O44: ADM1 (Bauchi) Female (USCB 2020) | P44: ADM1 (Bayelsa) Male (USCB 2020) | Q44: ADM1 (Bayelsa) Female (USCB 2020) | R44: ADM1 (Benue) Male (USCB 2020) | S44: ADM1 (Benue) Female (USCB 2020) | T44: ADM1 (Borno) Male (USCB 2020) | U44: ADM1 (Borno) Female (USCB 2020) | V44: ADM1 (Cross River) Male (USCB 2020) | W44: ADM1 (Cross River) Female (USCB 2020) | X44: ADM1 (Delta) Male (USCB 2020) | Y44: ADM1 (Delta) Female (USCB 2020) | Z44: ADM1 (Ebonyi) Male (USCB 2020) | AA44: ADM1 (Ebonyi) Female (USCB 2020) | AB44: ADM1 (Edo) Male (USCB 2020) | AC44: ADM1 (Edo) Female (USCB 2020) | AD44: ADM1 (Ekiti) Male (USCB 2020) | AE44: ADM1 (Ekiti) Female (USCB 2020) | AF44: ADM1 (Enugu) Male (USCB 2020) | AG44: ADM1 (Enugu) Female (USCB 2020) | AH44: ADM1 (Federal Capital Territory) Male (USCB 2020) | AI44: ADM1 (Federal Capital Territory) Female (USCB 2020) | AJ44: ADM1 (Gombe) Male (USCB 2020) | AK44: ADM1 (Gombe) Female (USCB 2020) | AL44: ADM1 (Imo) Male (USCB 2020) | AM44: ADM1 (Imo) Female (USCB 2020) | AN44: ADM1 (Jigawa) Male (USCB 2020) | AO44: ADM1 (Jigawa) Female (USCB 2020) | AP44: ADM1 (Kaduna) Male (USCB 2020) | AQ44: ADM1 (Kaduna) Female (USCB 2020) | AR44: ADM1 (Kano) Male (USCB 2020) | AS44: ADM1 (Kano) Female (USCB 2020) | AT44: ADM1 (Katsina) Male (USCB 2020) | AU44: ADM1 (Katsina) Female (USCB 2020) | AV44: ADM1 (Kebbi) Male (USCB 2020) | AW44: ADM1 (Kebbi) Female (USCB 2020) | AX44: ADM1 (Kogi) Male (USCB 2020) | AY44: ADM1 (Kogi) Female (USCB 2020) | AZ44: ADM1 (Kwara) Male (USCB 2020) | BA44: ADM1 (Kwara) Female (USCB 2020) | BB44: ADM1 (Lagos) Male (USCB 2020) | BC44: ADM1 (Lagos) Female (USCB 2020) | BD44: ADM1 (Nawarawa) Male (USCB 2020) | BE44: ADM1 (Nawarawa) Female (USCB 2020) | BF44: ADM1 (Niger) Male (USCB 2020) | BG44: ADM1 (Niger) Female (USCB 2020) | BH44: ADM1 (Ogun) Male (USCB 2020) | BI44: ADM1 (Ogun) Female (USCB 2020) | BJ44: ADM1 (Ondo) Male (USCB 2020) | BK44: ADM1 (Ondo) Female (USCB 2020) | BL44: ADM1 (Osun) Male (USCB 2020) | BM44: ADM1 (Osun) Female (USCB 2020) | BN44: ADM1 (Oyo) Male (USCB 2020) | BO44: ADM1 (Oyo) Female (USCB 2020) | BP44: ADM1 (Plateau) Male (USCB 2020) | BQ44: ADM1 (Plateau) Female (USCB 2020) | BR44: ADM1 (Rivers) Male (USCB 2020) | BS44: ADM1 (Rivers) Female (USCB 2020) | BT44: ADM1 (Sokoto) Male (USCB 2020) | BU44: ADM1 (Sokoto) Female (USCB 2020) | BV44: ADM1 (Taraba) Male (USCB 2020) | BW44: ADM1 (Taraba) Female (USCB 2020) | BX44: ADM1 (Yobe) Male (USCB 2020) | BY44: ADM1 (Yobe) Female (USCB 2020) | BZ44: ADM1 (Zamfara) Male (USCB 2020) | CA44: ADM1 (Zamfara) Female (USCB 2020)
A45: 0-4 | B45: -17377466 | C45: 16561329 | D45: =INDEX($A$4:$AI$41,1,ROW(A2))*(-1) -> -17837020 | E45: =INDEX($A$4:$AI$41,1,ROW(A19)) -> 16969659 | F45: =INDEX($A$4:$AI$41,2,ROW(A2))*(-1) -> -218758 | G45: =INDEX($A$4:$AI$41,2,ROW(A19)) -> 210483 | H45: =INDEX($A$4:$AI$41,3,ROW(A2))*(-1) -> -391921 | I45: =INDEX($A$4:$AI$41,3,ROW(A19)) -> 372760 | J45: =INDEX($A$4:$AI$41,4,ROW(A2))*(-1) -> -345584 | K45: =INDEX($A$4:$AI$41,4,ROW(A19)) -> 326260 | L45: =INDEX($A$4:$AI$41,5,ROW(A2))*(-1) -> -332996 | M45: =INDEX($A$4:$AI$41,5,ROW(A19)) -> 319470 | N45: =INDEX($A$4:$AI$41,6,ROW(A2))*(-1) -> -679500 | O45: =INDEX($A$4:$AI$41,6,ROW(A19)) -> 639299 | P45: =INDEX($A$4:$AI$41,7,ROW(A2))*(-1) -> -158035 | Q45: =INDEX($A$4:$AI$41,7,ROW(A19)) -> 150454 | R45: =INDEX($A$4:$AI$41,8,ROW(A2))*(-1) -> -539300 | S45: =INDEX($A$4:$AI$41,8,ROW(A19)) -> 514586 | T45: =INDEX($A$4:$AI$41,9,ROW(A2))*(-1) -> -644945 | U45: =INDEX($A$4:$AI$41,9,ROW(A19)) -> 596867 | V45: =INDEX($A$4:$AI$41,10,ROW(A2))*(-1) -> -255470 | W45: =INDEX($A$4:$AI$41,10,ROW(A19)) -> 243102 | X45: =INDEX($A$4:$AI$41,11,ROW(A2))*(-1) -> -367102 | Y45: =INDEX($A$4:$AI$41,11,ROW(A19)) -> 352059 | Z45: =INDEX($A$4:$AI$41,12,ROW(A2))*(-1) -> -213833 | AA45: =INDEX($A$4:$AI$41,12,ROW(A19)) -> 207890 | AB45: =INDEX($A$4:$AI$41,13,ROW(A2))*(-1) -> -276429 | AC45: =INDEX($A$4:$AI$41,13,ROW(A19)) -> 261756 | AD45: =INDEX($A$4:$AI$41,14,ROW(A2))*(-1) -> -199031 | AE45: =INDEX($A$4:$AI$41,14,ROW(A19)) -> 188875 | AF45: =INDEX($A$4:$AI$41,15,ROW(A2))*(-1) -> -253101 | AG45: =INDEX($A$4:$AI$41,15,ROW(A19)) -> 250024 | AH45: =INDEX($A$4:$AI$41,16,ROW(A2))*(-1) -> -366734 | AI45: =INDEX($A$4:$AI$41,16,ROW(A19)) -> 368062 | AJ45: =INDEX($A$4:$AI$41,17,ROW(A2))*(-1) -> -334511 | AK45: =INDEX($A$4:$AI$41,17,ROW(A19)) -> 311596 | AL45: =INDEX($A$4:$AI$41,18,ROW(A2))*(-1) -> -325102 | AM45: =INDEX($A$4:$AI$41,18,ROW(A19)) -> 309242 | AN45: =INDEX($A$4:$AI$41,19,ROW(A2))*(-1) -> -614198 | AO45: =INDEX($A$4:$AI$41,19,ROW(A19)) -> 563813 | AP45: =INDEX($A$4:$AI$41,20,ROW(A2))*(-1) -> -844977 | AQ45: =INDEX($A$4:$AI$41,20,ROW(A19)) -> 821129 | AR45: =INDEX($A$4:$AI$41,21,ROW(A2))*(-1) -> -2685854 | AS45: =INDEX($A$4:$AI$41,21,ROW(A19)) -> 2512812 | AT45: =INDEX($A$4:$AI$41,22,ROW(A2))*(-1) -> -855762 | AU45: =INDEX($A$4:$AI$41,22,ROW(A19)) -> 792645 | AV45: =INDEX($A$4:$AI$41,23,ROW(A2))*(-1) -> -460815 | AW45: =INDEX($A$4:$AI$41,23,ROW(A19)) -> 434592 | AX45: =INDEX($A$4:$AI$41,24,ROW(A2))*(-1) -> -450046 | AY45: =INDEX($A$4:$AI$41,24,ROW(A19)) -> 427979 | AZ45: =INDEX($A$4:$AI$41,25,ROW(A19))*(-1) -> -283824 | BA45: =INDEX($A$4:$AI$41,25,ROW(A19)) -> 283824 | BB45: =INDEX($A$4:$AI$41,26,ROW(A2))*(-1) -> -938127 | BC45: =INDEX($A$4:$AI$41,26,ROW(A19)) -> 929948 | BD45: =INDEX($A$4:$AI$41,27,ROW(A2))*(-1) -> -242841 | BE45: =INDEX($A$4:$AI$41,27,ROW(A19)) -> 236564 | BF45: =INDEX($A$4:$AI$41,28,ROW(A2))*(-1) -> -569848 | BG45: =INDEX($A$4:$AI$41,28,ROW(A19)) -> 552571 | BH45: =INDEX($A$4:$AI$41,29,ROW(A2))*(-1) -> -403228 | BI45: =INDEX($A$4:$AI$41,29,ROW(A19)) -> 402034 | BJ45: =INDEX($A$4:$AI$41,30,ROW(A2))*(-1) -> -291722 | BK45: =INDEX($A$4:$AI$41,30,ROW(A19)) -> 281672 | BL45: =INDEX($A$4:$AI$41,31,ROW(A2))*(-1) -> -284829 | BM45: =INDEX($A$4:$AI$41,31,ROW(A19)) -> 269645 | BN45: =INDEX($A$4:$AI$41,32,ROW(A2))*(-1) -> -534705 | BO45: =INDEX($A$4:$AI$41,32,ROW(A19)) -> 514856 | BP45: =INDEX($A$4:$AI$41,33,ROW(A2))*(-1) -> -367791 | BQ45: =INDEX($A$4:$AI$41,33,ROW(A19)) -> 363253 | BR45: =INDEX($A$4:$AI$41,34,ROW(A2))*(-1) -> -467145 | BS45: =INDEX($A$4:$AI$41,34,ROW(A19)) -> 439406 | BT45: =INDEX($A$4:$AI$41,35,ROW(A2))*(-1) -> -517159 | BU45: =INDEX($A$4:$AI$41,35,ROW(A19)) -> 483508 | BV45: =INDEX($A$4:$AI$41,36,ROW(A2))*(-1) -> -286819 | BW45: =INDEX($A$4:$AI$41,36,ROW(A19)) -> 270297 | BX45: =INDEX($A$4:$AI$41,37,ROW(A2))*(-1) -> -352339 | BY45: =INDEX($A$4:$AI$41,37,ROW(A19)) -> 323610 | BZ45: =INDEX($A$4:$AI$41,38,ROW(A2))*(-1) -> -469509 | CA45: =INDEX($A$4:$AI$41,38,ROW(A19)) -> 442716
A46: 5-9 | B46: -15287661 | C46: 14625985 | D46: =INDEX($A$4:$AI$41,1,ROW(A3))*(-1) -> -15502069 | E46: =INDEX($A$4:$AI$41,1,ROW(A20)) -> 14751712 | F46: =INDEX($A$4:$AI$41,2,ROW(A3))*(-1) -> -224631 | G46: =INDEX($A$4:$AI$41,2,ROW(A20)) -> 215867 | H46: =INDEX($A$4:$AI$41,3,ROW(A3))*(-1) -> -331150 | I46: =INDEX($A$4:$AI$41,3,ROW(A20)) -> 320576 | J46: =INDEX($A$4:$AI$41,4,ROW(A3))*(-1) -> -364957 | K46: =INDEX($A$4:$AI$41,4,ROW(A20)) -> 342223 | L46: =INDEX($A$4:$AI$41,5,ROW(A3))*(-1) -> -352714 | M46: =INDEX($A$4:$AI$41,5,ROW(A20)) -> 334304 | N46: =INDEX($A$4:$AI$41,6,ROW(A3))*(-1) -> -545659 | O46: =INDEX($A$4:$AI$41,6,ROW(A20)) -> 509011 | P46: =INDEX($A$4:$AI$41,7,ROW(A3))*(-1) -> -169405 | Q46: =INDEX($A$4:$AI$41,7,ROW(A20)) -> 157800 | R46: =INDEX($A$4:$AI$41,8,ROW(A3))*(-1) -> -445972 | S46: =INDEX($A$4:$AI$41,8,ROW(A20)) -> 431588 | T46: =INDEX($A$4:$AI$41,9,ROW(A3))*(-1) -> -544939 | U46: =INDEX($A$4:$AI$41,9,ROW(A20)) -> 492977 | V46: =INDEX($A$4:$AI$41,10,ROW(A3))*(-1) -> -263801 | W46: =INDEX($A$4:$AI$41,10,ROW(A20)) -> 247026 | X46: =INDEX($A$4:$AI$41,11,ROW(A3))*(-1) -> -363425 | Y46: =INDEX($A$4:$AI$41,11,ROW(A20)) -> 347139 | Z46: =INDEX($A$4:$AI$41,12,ROW(A3))*(-1) -> -203754 | AA46: =INDEX($A$4:$AI$41,12,ROW(A20)) -> 199710 | AB46: =INDEX($A$4:$AI$41,13,ROW(A3))*(-1) -> -267891 | AC46: =INDEX($A$4:$AI$41,13,ROW(A20)) -> 255925 | AD46: =INDEX($A$4:$AI$41,14,ROW(A3))*(-1) -> -218957 | AE46: =INDEX($A$4:$AI$41,14,ROW(A20)) -> 207004 | AF46: =INDEX($A$4:$AI$41,15,ROW(A3))*(-1) -> -254655 | AG46: =INDEX($A$4:$AI$41,15,ROW(A20)) -> 247712 | AH46: =INDEX($A$4:$AI$41,16,ROW(A3))*(-1) -> -281057 | AI46: =INDEX($A$4:$AI$41,16,ROW(A20)) -> 295804 | AJ46: =INDEX($A$4:$AI$41,17,ROW(A3))*(-1) -> -277281 | AK46: =INDEX($A$4:$AI$41,17,ROW(A20)) -> 241005 | AL46: =INDEX($A$4:$AI$41,18,ROW(A3))*(-1) -> -335341 | AM46: =INDEX($A$4:$AI$41,18,ROW(A20)) -> 315414 | AN46: =INDEX($A$4:$AI$41,19,ROW(A3))*(-1) -> -482852 | AO46: =INDEX($A$4:$AI$41,19,ROW(A20)) -> 459277 | AP46: =INDEX($A$4:$AI$41,20,ROW(A3))*(-1) -> -668389 | AQ46: =INDEX($A$4:$AI$41,20,ROW(A20)) -> 651306 | AR46: =INDEX($A$4:$AI$41,21,ROW(A3))*(-1) -> -2215912 | AS46: =INDEX($A$4:$AI$41,21,ROW(A20)) -> 2022430 | AT46: =INDEX($A$4:$AI$41,22,ROW(A3))*(-1) -> -663208 | AU46: =INDEX($A$4:$AI$41,22,ROW(A20)) -> 616698 | AV46: =INDEX($A$4:$AI$41,23,ROW(A3))*(-1) -> -375139 | AW46: =INDEX($A$4:$AI$41,23,ROW(A20)) -> 371716 | AX46: =INDEX($A$4:$AI$41,24,ROW(A3))*(-1) -> -357559 | AY46: =INDEX($A$4:$AI$41,24,ROW(A20)) -> 341146 | AZ46: =INDEX($A$4:$AI$41,25,ROW(A20))*(-1) -> -234528 | BA46: =INDEX($A$4:$AI$41,25,ROW(A20)) -> 234528 | BB46: =INDEX($A$4:$AI$41,26,ROW(A3))*(-1) -> -764124 | BC46: =INDEX($A$4:$AI$41,26,ROW(A20)) -> 779056 | BD46: =INDEX($A$4:$AI$41,27,ROW(A3))*(-1) -> -191349 | BE46: =INDEX($A$4:$AI$41,27,ROW(A20)) -> 186154 | BF46: =INDEX($A$4:$AI$41,28,ROW(A3))*(-1) -> -451692 | BG46: =INDEX($A$4:$AI$41,28,ROW(A20)) -> 435222 | BH46: =INDEX($A$4:$AI$41,29,ROW(A3))*(-1) -> -359666 | BI46: =INDEX($A$4:$AI$41,29,ROW(A20)) -> 357660 | BJ46: =INDEX($A$4:$AI$41,30,ROW(A3))*(-1) -> -302779 | BK46: =INDEX($A$4:$AI$41,30,ROW(A20)) -> 288410 | BL46: =INDEX($A$4:$AI$41,31,ROW(A3))*(-1) -> -305718 | BM46: =INDEX($A$4:$AI$41,31,ROW(A20)) -> 287556 | BN46: =INDEX($A$4:$AI$41,32,ROW(A3))*(-1) -> -545277 | BO46: =INDEX($A$4:$AI$41,32,ROW(A20)) -> 525498 | BP46: =INDEX($A$4:$AI$41,33,ROW(A3))*(-1) -> -315217 | BQ46: =INDEX($A$4:$AI$41,33,ROW(A20)) -> 318348 | BR46: =INDEX($A$4:$AI$41,34,ROW(A3))*(-1) -> -483709 | BS46: =INDEX($A$4:$AI$41,34,ROW(A20)) -> 454462 | BT46: =INDEX($A$4:$AI$41,35,ROW(A3))*(-1) -> -412046 | BU46: =INDEX($A$4:$AI$41,35,ROW(A20)) -> 391615 | BV46: =INDEX($A$4:$AI$41,36,ROW(A3))*(-1) -> -235530 | BW46: =INDEX($A$4:$AI$41,36,ROW(A20)) -> 223588 | BX46: =INDEX($A$4:$AI$41,37,ROW(A3))*(-1) -> -297650 | BY46: =INDEX($A$4:$AI$41,37,ROW(A20)) -> 275237 | BZ46: =INDEX($A$4:$AI$41,38,ROW(A3))*(-1) -> -380392 | CA46: =INDEX($A$4:$AI$41,38,ROW(A20)) -> 370720
A47: 10-14 | B47: -13159355 | C47: 12633388 | D47: =INDEX($A$4:$AI$41,1,ROW(A4))*(-1) -> -13836239 | E47: =INDEX($A$4:$AI$41,1,ROW(A21)) -> 13072833 | F47: =INDEX($A$4:$AI$41,2,ROW(A4))*(-1) -> -252614 | G47: =INDEX($A$4:$AI$41,2,ROW(A21)) -> 248705 | H47: =INDEX($A$4:$AI$41,3,ROW(A4))*(-1) -> -277805 | I47: =INDEX($A$4:$AI$41,3,ROW(A21)) -> 273011 | J47: =INDEX($A$4:$AI$41,4,ROW(A4))*(-1) -> -371722 | K47: =INDEX($A$4:$AI$41,4,ROW(A21)) -> 353787 | L47: =INDEX($A$4:$AI$41,5,ROW(A4))*(-1) -> -388676 | M47: =INDEX($A$4:$AI$41,5,ROW(A21)) -> 379733 | N47: =INDEX($A$4:$AI$41,6,ROW(A4))*(-1) -> -442014 | O47: =INDEX($A$4:$AI$41,6,ROW(A21)) -> 402259 | P47: =INDEX($A$4:$AI$41,7,ROW(A4))*(-1) -> -167379 | Q47: =INDEX($A$4:$AI$41,7,ROW(A21)) -> 157102 | R47: =INDEX($A$4:$AI$41,8,ROW(A4))*(-1) -> -382231 | S47: =INDEX($A$4:$AI$41,8,ROW(A21)) -> 371409 | T47: =INDEX($A$4:$AI$41,9,ROW(A4))*(-1) -> -421873 | U47: =INDEX($A$4:$AI$41,9,ROW(A21)) -> 369247 | V47: =INDEX($A$4:$AI$41,10,ROW(A4))*(-1) -> -260335 | W47: =INDEX($A$4:$AI$41,10,ROW(A21)) -> 247067 | X47: =INDEX($A$4:$AI$41,11,ROW(A4))*(-1) -> -373194 | Y47: =INDEX($A$4:$AI$41,11,ROW(A21)) -> 365330 | Z47: =INDEX($A$4:$AI$41,12,ROW(A4))*(-1) -> -197034 | AA47: =INDEX($A$4:$AI$41,12,ROW(A21)) -> 194554 | AB47: =INDEX($A$4:$AI$41,13,ROW(A4))*(-1) -> -273219 | AC47: =INDEX($A$4:$AI$41,13,ROW(A21)) -> 267795 | AD47: =INDEX($A$4:$AI$41,14,ROW(A4))*(-1) -> -241674 | AE47: =INDEX($A$4:$AI$41,14,ROW(A21)) -> 230520 | AF47: =INDEX($A$4:$AI$41,15,ROW(A4))*(-1) -> -277433 | AG47: =INDEX($A$4:$AI$41,15,ROW(A21)) -> 283922 | AH47: =INDEX($A$4:$AI$41,16,ROW(A4))*(-1) -> -232913 | AI47: =INDEX($A$4:$AI$41,16,ROW(A21)) -> 274169 | AJ47: =INDEX($A$4:$AI$41,17,ROW(A4))*(-1) -> -248163 | AK47: =INDEX($A$4:$AI$41,17,ROW(A21)) -> 198060 | AL47: =INDEX($A$4:$AI$41,18,ROW(A4))*(-1) -> -361868 | AM47: =INDEX($A$4:$AI$41,18,ROW(A21)) -> 350304 | AN47: =INDEX($A$4:$AI$41,19,ROW(A4))*(-1) -> -358722 | AO47: =INDEX($A$4:$AI$41,19,ROW(A21)) -> 339830 | AP47: =INDEX($A$4:$AI$41,20,ROW(A4))*(-1) -> -555616 | AQ47: =INDEX($A$4:$AI$41,20,ROW(A21)) -> 531399 | AR47: =INDEX($A$4:$AI$41,21,ROW(A4))*(-1) -> -1899992 | AS47: =INDEX($A$4:$AI$41,21,ROW(A21)) -> 1533772 | AT47: =INDEX($A$4:$AI$41,22,ROW(A4))*(-1) -> -516254 | AU47: =INDEX($A$4:$AI$41,22,ROW(A21)) -> 472450 | AV47: =INDEX($A$4:$AI$41,23,ROW(A4))*(-1) -> -281316 | AW47: =INDEX($A$4:$AI$41,23,ROW(A21)) -> 266665 | AX47: =INDEX($A$4:$AI$41,24,ROW(A4))*(-1) -> -307624 | AY47: =INDEX($A$4:$AI$41,24,ROW(A21)) -> 294002 | AZ47: =INDEX($A$4:$AI$41,25,ROW(A21))*(-1) -> -203623 | BA47: =INDEX($A$4:$AI$41,25,ROW(A21)) -> 203623 | BB47: =INDEX($A$4:$AI$41,26,ROW(A4))*(-1) -> -711671 | BC47: =INDEX($A$4:$AI$41,26,ROW(A21)) -> 790382 | BD47: =INDEX($A$4:$AI$41,27,ROW(A4))*(-1) -> -159821 | BE47: =INDEX($A$4:$AI$41,27,ROW(A21)) -> 154587 | BF47: =INDEX($A$4:$AI$41,28,ROW(A4))*(-1) -> -357464 | BG47: =INDEX($A$4:$AI$41,28,ROW(A21)) -> 340390 | BH47: =INDEX($A$4:$AI$41,29,ROW(A4))*(-1) -> -335879 | BI47: =INDEX($A$4:$AI$41,29,ROW(A21)) -> 345551 | BJ47: =INDEX($A$4:$AI$41,30,ROW(A4))*(-1) -> -308683 | BK47: =INDEX($A$4:$AI$41,30,ROW(A21)) -> 297653 | BL47: =INDEX($A$4:$AI$41,31,ROW(A4))*(-1) -> -317281 | BM47: =INDEX($A$4:$AI$41,31,ROW(A21)) -> 304310 | BN47: =INDEX($A$4:$AI$41,32,ROW(A4))*(-1) -> -543253 | BO47: =INDEX($A$4:$AI$41,32,ROW(A21)) -> 530774 | BP47: =INDEX($A$4:$AI$41,33,ROW(A4))*(-1) -> -275211 | BQ47: =INDEX($A$4:$AI$41,33,ROW(A21)) -> 280912 | BR47: =INDEX($A$4:$AI$41,34,ROW(A4))*(-1) -> -501004 | BS47: =INDEX($A$4:$AI$41,34,ROW(A21)) -> 482578 | BT47: =INDEX($A$4:$AI$41,35,ROW(A4))*(-1) -> -311710 | BU47: =INDEX($A$4:$AI$41,35,ROW(A21)) -> 281259 | BV47: =INDEX($A$4:$AI$41,36,ROW(A4))*(-1) -> -193204 | BW47: =INDEX($A$4:$AI$41,36,ROW(A21)) -> 183550 | BX47: =INDEX($A$4:$AI$41,37,ROW(A4))*(-1) -> -235695 | BY47: =INDEX($A$4:$AI$41,37,ROW(A21)) -> 213349 | BZ47: =INDEX($A$4:$AI$41,38,ROW(A4))*(-1) -> -281118 | CA47: =INDEX($A$4:$AI$41,38,ROW(A21)) -> 258823
